contract_id,vendor_id,contract_type,contract_value,currency,payment_terms_days,renewal_notice_days,contract_status
C001,V001,Service Agreement,3638751,INR,30,30,Active
C002,V002,Multi-Year,749226,INR,45,60,Active
C003,V003,Service Agreement,1367171,INR,15,60,Active
C004,V004,Multi-Year,3509617,INR,45,120,Active
C005,V005,Service Agreement,595001,INR,30,120,Active
C006,V006,Service Agreement,4721316,INR,15,90,Active
C007,V007,Multi-Year,1819272,INR,30,30,Active
C008,V008,Framework,1699061,INR,60,60,Active
C009,V009,Annual,3408404,INR,45,120,Active
C010,V010,Service Agreement,2525978,INR,30,120,Active
C011,V011,Multi-Year,4405116,INR,30,120,Active
C012,V012,Service Agreement,3695713,INR,45,90,Active
C013,V013,Service Agreement,175112,INR,30,60,Active
C014,V014,Service Agreement,1966777,INR,30,60,Active
C015,V015,Annual,3297387,INR,30,60,Active
C016,V016,Service Agreement,4536121,INR,30,90,Active
C017,V017,Framework,758550,INR,15,90,Active
C018,V018,Multi-Year,4832631,INR,60,60,Active
C019,V019,Service Agreement,3883380,INR,30,60,Active
C020,V020,Service Agreement,4873222,INR,60,120,Active
C021,V021,Framework,4975568,INR,60,60,Active
C022,V022,Multi-Year,3311616,INR,15,60,Active
C023,V023,Service Agreement,4418408,INR,15,30,Active
C024,V024,Service Agreement,2631670,INR,30,60,Active
C025,V025,Framework,1949692,INR,30,120,Active
C026,V026,Annual,693774,INR,15,90,Active
C027,V027,Multi-Year,1509466,INR,15,120,Active
C028,V028,Multi-Year,2965154,INR,45,120,Active
C029,V029,Framework,1998711,INR,15,120,Active
C030,V030,Multi-Year,2860627,INR,15,120,Active
C031,V031,Annual,273719,INR,30,60,Active
C032,V032,Annual,3762712,INR,45,60,Active
C033,V033,Service Agreement,2059352,INR,15,30,Active
C034,V034,Multi-Year,3136764,INR,45,30,Active
C035,V035,Framework,3419293,INR,30,60,Active
C036,V036,Annual,1888751,INR,30,60,Active
C037,V037,Framework,4316089,INR,30,90,Active
C038,V038,Annual,233331,INR,45,30,Active
C039,V039,Annual,1622588,INR,45,90,Active
C040,V040,Framework,409257,INR,30,60,Active
C041,V041,Framework,742235,INR,60,30,Active
C042,V042,Framework,1878965,INR,15,120,Active
C043,V043,Multi-Year,1641272,INR,15,30,Active
C044,V044,Framework,383603,INR,60,120,Active
C045,V045,Multi-Year,223318,INR,60,60,Active
C046,V046,Annual,347157,INR,60,30,Active
C047,V047,Service Agreement,3550072,INR,60,90,Active
C048,V048,Framework,1999175,INR,60,120,Active
C049,V049,Service Agreement,255658,INR,45,60,Active
C050,V050,Framework,2207262,INR,45,60,Active
C051,V051,Annual,3258387,INR,15,30,Active
C052,V052,Service Agreement,523232,INR,45,90,Active
C053,V053,Framework,151602,INR,30,120,Active
C054,V054,Framework,56219,INR,60,30,Active
C055,V055,Service Agreement,3124158,INR,45,30,Active
C056,V056,Multi-Year,3970159,INR,45,30,Active
C057,V057,Annual,4529747,INR,30,30,Active
C058,V058,Multi-Year,450112,INR,30,60,Active
C059,V059,Service Agreement,3112140,INR,60,90,Active
C060,V060,Multi-Year,1308450,INR,30,90,Active
C061,V061,Service Agreement,3749413,INR,15,120,Active
C062,V062,Framework,1196484,INR,45,60,Active
C063,V063,Framework,3084532,INR,30,60,Active
C064,V064,Multi-Year,4378164,INR,15,120,Active
C065,V065,Service Agreement,3038305,INR,45,30,Active
C066,V066,Service Agreement,1333982,INR,60,90,Active
C067,V067,Annual,4778637,INR,15,120,Active
C068,V068,Framework,1885181,INR,45,120,Active
C069,V069,Multi-Year,3637873,INR,60,60,Active
C070,V070,Framework,263294,INR,45,30,Active
C071,V071,Service Agreement,703868,INR,45,120,Active
C072,V072,Framework,1840948,INR,60,90,Active
C073,V073,Service Agreement,721699,INR,15,30,Active
C074,V074,Multi-Year,3367535,INR,30,30,Active
C075,V075,Annual,376647,INR,15,90,Active
C076,V076,Framework,3919607,INR,45,60,Active
C077,V077,Service Agreement,1245625,INR,45,30,Active
C078,V078,Service Agreement,388831,INR,45,30,Active
C079,V079,Annual,3036517,INR,30,120,Active
C080,V080,Annual,4112632,INR,30,90,Active
C081,V081,Service Agreement,1266280,INR,15,120,Active
C082,V082,Annual,1639622,INR,60,30,Active
C083,V083,Annual,827965,INR,30,30,Active
C084,V084,Service Agreement,1985417,INR,30,30,Active
C085,V085,Multi-Year,3876274,INR,60,90,Active
C086,V086,Multi-Year,2721161,INR,30,30,Active
C087,V087,Multi-Year,193595,INR,45,90,Active
C088,V088,Multi-Year,2406029,INR,15,120,Active
C089,V089,Multi-Year,4109694,INR,15,30,Active
C090,V090,Framework,3615337,INR,30,30,Active
C091,V091,Service Agreement,4184379,INR,30,60,Active
C092,V092,Framework,2035078,INR,45,120,Active
C093,V093,Annual,4259268,INR,30,60,Active
C094,V094,Service Agreement,1591868,INR,60,120,Active
C095,V095,Annual,3740556,INR,45,90,Active
C096,V096,Annual,1119400,INR,15,90,Active
C097,V097,Framework,2304306,INR,15,30,Active
C098,V098,Framework,2261411,INR,15,60,Active
C099,V099,Framework,3896956,INR,15,120,Active
C100,V100,Framework,2388396,INR,15,30,Active
C101,V101,Framework,3028159,INR,30,60,Active
C102,V102,Framework,805754,INR,30,120,Active
C103,V103,Multi-Year,1959717,INR,45,90,Active
C104,V104,Service Agreement,421643,INR,15,90,Active
C105,V105,Service Agreement,2988216,INR,60,60,Active
C106,V106,Annual,3491807,INR,45,60,Active
C107,V107,Multi-Year,713997,INR,15,60,Active
C108,V108,Annual,3428808,INR,30,120,Active
C109,V109,Multi-Year,1710532,INR,45,60,Active
C110,V110,Multi-Year,3698705,INR,15,120,Active
C111,V111,Multi-Year,2504342,INR,45,120,Active
C112,V112,Service Agreement,4952130,INR,45,120,Active
C113,V113,Multi-Year,191686,INR,60,30,Active
C114,V114,Framework,513624,INR,45,30,Active
C115,V115,Multi-Year,2370695,INR,30,30,Active
C116,V116,Service Agreement,4902960,INR,15,60,Active
C117,V117,Framework,317569,INR,30,90,Active
C118,V118,Annual,4540408,INR,45,120,Active
C119,V119,Multi-Year,1365319,INR,60,60,Active
C120,V120,Annual,2159307,INR,60,120,Active
C121,V121,Framework,2708729,INR,60,60,Active
C122,V122,Annual,4104319,INR,60,90,Active
C123,V123,Annual,346894,INR,30,90,Active
C124,V124,Framework,4485455,INR,30,30,Active
C125,V125,Multi-Year,809824,INR,30,90,Active
C126,V126,Annual,175578,INR,30,120,Active
C127,V127,Framework,4003559,INR,45,30,Active
C128,V128,Annual,57325,INR,60,90,Active
C129,V129,Service Agreement,976311,INR,60,120,Active
C130,V130,Multi-Year,4214189,INR,15,60,Active
C131,V131,Service Agreement,696371,INR,45,90,Active
C132,V132,Multi-Year,812314,INR,60,60,Active
C133,V133,Service Agreement,2144850,INR,45,90,Active
C134,V134,Multi-Year,1645194,INR,45,90,Active
C135,V135,Multi-Year,1190126,INR,15,30,Active
C136,V136,Framework,4891920,INR,60,60,Active
C137,V137,Service Agreement,1892935,INR,15,60,Active
C138,V138,Multi-Year,563187,INR,30,90,Active
C139,V139,Framework,167884,INR,60,120,Active
C140,V140,Framework,208125,INR,30,90,Active
C141,V141,Multi-Year,3963318,INR,45,60,Active
C142,V142,Service Agreement,2425310,INR,15,120,Active
C143,V143,Multi-Year,1064815,INR,15,30,Active
C144,V144,Annual,2017239,INR,15,60,Active
C145,V145,Service Agreement,4705303,INR,15,90,Active
C146,V146,Framework,4481263,INR,60,90,Active
C147,V147,Multi-Year,504795,INR,15,60,Active
C148,V148,Annual,1122701,INR,45,30,Active
C149,V149,Service Agreement,4948223,INR,15,120,Active
C150,V150,Multi-Year,1893525,INR,45,60,Active
C151,V151,Multi-Year,4698025,INR,15,120,Active
C152,V152,Annual,2016256,INR,45,30,Active
C153,V153,Annual,485574,INR,30,60,Active
C154,V154,Annual,3364709,INR,45,120,Active
C155,V155,Multi-Year,3977931,INR,30,90,Active
C156,V156,Framework,3123185,INR,45,120,Active
C157,V157,Service Agreement,2215735,INR,45,60,Active
C158,V158,Annual,1314296,INR,60,120,Active
C159,V159,Framework,1543068,INR,30,120,Active
C160,V160,Service Agreement,4607988,INR,60,120,Active
C161,V161,Framework,4937099,INR,30,30,Active
C162,V162,Annual,2606469,INR,15,120,Active
C163,V163,Framework,2983811,INR,60,90,Active
C164,V164,Framework,4253202,INR,30,90,Active
C165,V165,Annual,2154781,INR,60,120,Active
C166,V166,Multi-Year,1429235,INR,45,30,Active
C167,V167,Framework,2690349,INR,45,30,Active
C168,V168,Service Agreement,1301519,INR,15,120,Active
C169,V169,Framework,588395,INR,60,30,Active
C170,V170,Multi-Year,2636478,INR,15,90,Active
C171,V171,Multi-Year,1686653,INR,45,30,Active
C172,V172,Annual,1405655,INR,60,120,Active
C173,V173,Annual,3416107,INR,60,90,Active
C174,V174,Multi-Year,2103713,INR,30,60,Active
C175,V175,Annual,4881526,INR,45,30,Active
C176,V176,Annual,2230611,INR,60,30,Active
C177,V177,Service Agreement,570673,INR,15,60,Active
C178,V178,Annual,3744302,INR,30,120,Active
C179,V179,Multi-Year,4210502,INR,45,120,Active
C180,V180,Service Agreement,2699997,INR,30,120,Active
C181,V181,Service Agreement,4014445,INR,30,90,Active
C182,V182,Annual,947455,INR,15,30,Active
C183,V183,Annual,4157831,INR,60,120,Active
C184,V184,Annual,3293642,INR,30,120,Active
C185,V185,Framework,3847405,INR,45,60,Active
C186,V186,Framework,1544518,INR,60,60,Active
C187,V187,Multi-Year,2696457,INR,45,90,Active
C188,V188,Service Agreement,882785,INR,15,60,Active
C189,V189,Multi-Year,4757712,INR,15,60,Active
C190,V190,Annual,2512654,INR,60,90,Active
C191,V191,Multi-Year,4364222,INR,30,60,Active
C192,V192,Annual,2410860,INR,15,90,Active
C193,V193,Annual,3898362,INR,45,30,Active
C194,V194,Multi-Year,1486845,INR,15,30,Active
C195,V195,Service Agreement,3817188,INR,30,30,Active
C196,V196,Service Agreement,2883319,INR,45,30,Active
C197,V197,Annual,4290009,INR,60,60,Active
C198,V198,Service Agreement,537727,INR,30,90,Active
C199,V199,Annual,3326882,INR,15,60,Active
C200,V200,Multi-Year,1884174,INR,60,90,Active
C201,V201,Multi-Year,1553569,INR,60,60,Active
C202,V202,Framework,3635971,INR,30,120,Active
C203,V203,Annual,892763,INR,30,90,Active
C204,V204,Service Agreement,2588304,INR,30,60,Active
C205,V205,Framework,4632716,INR,15,120,Active
C206,V206,Multi-Year,4402106,INR,45,120,Active
C207,V207,Multi-Year,2705521,INR,30,60,Active
C208,V208,Multi-Year,3654627,INR,15,120,Active
C209,V209,Service Agreement,3753580,INR,30,30,Active
C210,V210,Service Agreement,2365571,INR,15,90,Active
C211,V211,Framework,1502841,INR,45,90,Active
C212,V212,Framework,1824527,INR,30,60,Active
C213,V213,Framework,3547673,INR,60,60,Active
C214,V214,Framework,1101288,INR,15,120,Active
C215,V215,Service Agreement,2420241,INR,15,60,Active
C216,V216,Service Agreement,4500738,INR,30,120,Active
C217,V217,Annual,3983817,INR,60,30,Active
C218,V218,Annual,955119,INR,30,90,Active
C219,V219,Framework,1718747,INR,15,30,Active
C220,V220,Annual,3370816,INR,60,120,Active
C221,V221,Service Agreement,285839,INR,15,120,Active
C222,V222,Framework,1452037,INR,60,120,Active
C223,V223,Multi-Year,3032003,INR,60,120,Active
C224,V224,Service Agreement,4308061,INR,60,30,Active
C225,V225,Multi-Year,2157224,INR,15,90,Active
C226,V226,Service Agreement,132623,INR,45,120,Active
C227,V227,Annual,1627852,INR,15,60,Active
C228,V228,Framework,4222397,INR,15,30,Active
C229,V229,Framework,1313167,INR,45,30,Active
C230,V230,Multi-Year,3523233,INR,60,90,Active
C231,V231,Framework,542118,INR,15,120,Active
C232,V232,Service Agreement,206573,INR,30,120,Active
C233,V233,Multi-Year,4300856,INR,15,120,Active
C234,V234,Service Agreement,1930267,INR,30,90,Active
C235,V235,Framework,2826443,INR,60,90,Active
C236,V236,Framework,3181425,INR,60,120,Active
C237,V237,Framework,1839118,INR,45,30,Active
C238,V238,Framework,1121381,INR,15,30,Active
C239,V239,Framework,446601,INR,60,120,Active
C240,V240,Annual,362291,INR,15,90,Active
C241,V241,Annual,616060,INR,15,30,Active
C242,V242,Framework,1182306,INR,15,120,Active
C243,V243,Service Agreement,4528310,INR,30,30,Active
C244,V244,Annual,1888909,INR,45,120,Active
C245,V245,Multi-Year,306308,INR,15,90,Active
C246,V246,Service Agreement,4963975,INR,45,120,Active
C247,V247,Framework,4011275,INR,45,90,Active
C248,V248,Framework,883961,INR,45,120,Active
C249,V249,Framework,61831,INR,15,60,Active
C250,V250,Annual,299403,INR,30,60,Active
C251,V251,Framework,3060217,INR,30,60,Active
C252,V252,Framework,2570572,INR,15,90,Active
C253,V253,Annual,3200226,INR,15,60,Active
C254,V254,Framework,1108461,INR,15,60,Active
C255,V255,Service Agreement,3214799,INR,45,90,Active
C256,V256,Multi-Year,1017056,INR,45,30,Active
C257,V257,Multi-Year,2703201,INR,60,90,Active
C258,V258,Service Agreement,4008566,INR,30,60,Active
C259,V259,Framework,1509207,INR,45,30,Active
C260,V260,Service Agreement,619300,INR,15,30,Active
C261,V261,Framework,1943192,INR,45,120,Active
C262,V262,Framework,2841649,INR,60,120,Active
C263,V263,Multi-Year,4056491,INR,60,120,Active
C264,V264,Service Agreement,3808777,INR,60,60,Active
C265,V265,Framework,3152201,INR,15,120,Active
C266,V266,Annual,2171253,INR,30,90,Active
C267,V267,Service Agreement,947611,INR,45,90,Active
C268,V268,Framework,868632,INR,45,30,Active
C269,V269,Service Agreement,4782085,INR,30,120,Active
C270,V270,Annual,908521,INR,15,60,Active
C271,V271,Service Agreement,3726551,INR,15,90,Active
C272,V272,Annual,2768902,INR,60,90,Active
C273,V273,Framework,1179439,INR,15,90,Active
C274,V274,Service Agreement,4294294,INR,45,120,Active
C275,V275,Multi-Year,3933042,INR,45,120,Active
C276,V276,Annual,398998,INR,30,120,Active
C277,V277,Service Agreement,3465281,INR,30,30,Active
C278,V278,Framework,2795570,INR,45,30,Active
C279,V279,Framework,4793635,INR,30,90,Active
C280,V280,Framework,4165246,INR,30,30,Active
C281,V281,Multi-Year,1405320,INR,15,30,Active
C282,V282,Framework,1996293,INR,60,30,Active
C283,V283,Multi-Year,2640075,INR,60,30,Active
C284,V284,Framework,479811,INR,30,30,Active
C285,V285,Framework,3788425,INR,30,30,Active
C286,V286,Service Agreement,1501863,INR,30,90,Active
C287,V287,Service Agreement,1173746,INR,30,90,Active
C288,V288,Multi-Year,511567,INR,45,120,Active
C289,V289,Multi-Year,4338448,INR,30,30,Active
C290,V290,Framework,1297855,INR,45,60,Active
C291,V291,Multi-Year,503480,INR,30,120,Active
C292,V292,Multi-Year,3490989,INR,60,90,Active
C293,V293,Service Agreement,1560475,INR,60,120,Active
C294,V294,Multi-Year,1486486,INR,60,120,Active
C295,V295,Multi-Year,2311981,INR,45,120,Active
C296,V296,Framework,1581585,INR,60,120,Active
C297,V297,Service Agreement,1981569,INR,60,90,Active
C298,V298,Service Agreement,951595,INR,45,60,Active
C299,V299,Annual,1213021,INR,30,90,Active
C300,V300,Multi-Year,3463931,INR,45,60,Active
C301,V301,Service Agreement,4575599,INR,15,90,Active
C302,V302,Service Agreement,4876984,INR,60,120,Active
C303,V303,Service Agreement,1931813,INR,45,60,Active
C304,V304,Multi-Year,2824826,INR,30,90,Active
C305,V305,Service Agreement,4371639,INR,45,30,Active
C306,V306,Multi-Year,1188050,INR,45,60,Active
C307,V307,Multi-Year,3446754,INR,15,120,Active
C308,V308,Framework,4497433,INR,45,30,Active
C309,V309,Framework,1411630,INR,30,30,Active
C310,V310,Framework,3829114,INR,45,30,Active
C311,V311,Annual,172279,INR,30,90,Active
C312,V312,Annual,2856008,INR,60,30,Active
C313,V313,Multi-Year,3363730,INR,15,120,Active
C314,V314,Service Agreement,2729132,INR,15,120,Active
C315,V315,Multi-Year,624118,INR,45,30,Active
C316,V316,Service Agreement,2502275,INR,60,60,Active
C317,V317,Multi-Year,2476477,INR,45,60,Active
C318,V318,Framework,4374927,INR,60,90,Active
C319,V319,Annual,537073,INR,45,120,Active
C320,V320,Annual,2326493,INR,60,30,Active
C321,V321,Framework,1802062,INR,45,30,Active
C322,V322,Multi-Year,4902180,INR,30,90,Active
C323,V323,Framework,1515813,INR,30,30,Active
C324,V324,Framework,1524272,INR,60,120,Active
C325,V325,Framework,3279764,INR,15,120,Active
C326,V326,Multi-Year,3980178,INR,60,30,Active
C327,V327,Framework,3906688,INR,45,60,Active
C328,V328,Multi-Year,1336133,INR,60,30,Active
C329,V329,Annual,4661941,INR,45,120,Active
C330,V330,Multi-Year,2223067,INR,60,120,Active
C331,V331,Service Agreement,3096287,INR,15,60,Active
C332,V332,Service Agreement,4105002,INR,45,90,Active
C333,V333,Service Agreement,4027933,INR,15,120,Active
C334,V334,Annual,4744793,INR,30,120,Active
C335,V335,Service Agreement,437568,INR,45,90,Active
C336,V336,Multi-Year,1624162,INR,45,60,Active
C337,V337,Service Agreement,4249428,INR,15,30,Active
C338,V338,Multi-Year,452918,INR,15,30,Active
C339,V339,Framework,4942044,INR,60,60,Active
C340,V340,Framework,2867686,INR,45,90,Active
C341,V341,Service Agreement,120117,INR,30,90,Active
C342,V342,Annual,2097921,INR,60,90,Active
C343,V343,Service Agreement,856373,INR,30,120,Active
C344,V344,Framework,2326505,INR,60,120,Active
C345,V345,Service Agreement,2215566,INR,60,120,Active
C346,V346,Annual,4896978,INR,30,120,Active
C347,V347,Service Agreement,3786543,INR,45,60,Active
C348,V348,Service Agreement,892414,INR,15,60,Active
C349,V349,Annual,4092739,INR,45,60,Active
C350,V350,Multi-Year,4772217,INR,45,60,Active
C351,V351,Framework,120588,INR,60,90,Active
C352,V352,Multi-Year,1320349,INR,45,30,Active
C353,V353,Multi-Year,1359008,INR,15,90,Active
C354,V354,Multi-Year,4732404,INR,60,120,Active
C355,V355,Framework,1114119,INR,15,60,Active
C356,V356,Multi-Year,1415988,INR,30,30,Active
C357,V357,Multi-Year,1526329,INR,15,90,Active
C358,V358,Multi-Year,935423,INR,15,30,Active
C359,V359,Annual,3518713,INR,15,60,Active
C360,V360,Multi-Year,1718907,INR,60,30,Active
C361,V361,Framework,4327699,INR,15,60,Active
C362,V362,Annual,4968494,INR,60,60,Active
C363,V363,Annual,3882239,INR,60,30,Active
C364,V364,Service Agreement,2994299,INR,45,120,Active
C365,V365,Multi-Year,2201535,INR,30,60,Active
C366,V366,Framework,3620473,INR,60,30,Active
C367,V367,Framework,707295,INR,60,30,Active
C368,V368,Service Agreement,867010,INR,30,120,Active
C369,V369,Annual,2566413,INR,45,90,Active
C370,V370,Annual,3618881,INR,60,30,Active
C371,V371,Framework,3075186,INR,45,120,Active
C372,V372,Framework,338311,INR,30,60,Active
C373,V373,Annual,2755838,INR,45,90,Active
C374,V374,Framework,2440459,INR,45,90,Active
C375,V375,Service Agreement,2243002,INR,60,90,Active
C376,V376,Multi-Year,4948253,INR,30,60,Active
C377,V377,Service Agreement,2385672,INR,60,120,Active
C378,V378,Multi-Year,1830844,INR,45,90,Active
C379,V379,Annual,1373819,INR,15,120,Active
C380,V380,Service Agreement,4131384,INR,30,120,Active
C381,V381,Annual,4110886,INR,15,90,Active
C382,V382,Service Agreement,207759,INR,45,120,Active
C383,V383,Multi-Year,1655889,INR,15,120,Active
C384,V384,Multi-Year,1747358,INR,45,90,Active
C385,V385,Multi-Year,4663304,INR,30,60,Active
C386,V386,Framework,1894786,INR,15,30,Active
C387,V387,Framework,2063381,INR,45,90,Active
C388,V388,Annual,340920,INR,15,120,Active
C389,V389,Annual,4615388,INR,30,60,Active
C390,V390,Annual,1824322,INR,45,60,Active
C391,V391,Annual,3722830,INR,60,120,Active
C392,V392,Service Agreement,2365751,INR,45,30,Active
C393,V393,Service Agreement,1848839,INR,15,30,Active
C394,V394,Service Agreement,3169578,INR,60,90,Active
C395,V395,Annual,2460055,INR,45,90,Active
C396,V396,Framework,2353217,INR,15,90,Active
C397,V397,Annual,1782642,INR,15,120,Active
C398,V398,Service Agreement,1854188,INR,30,90,Active
C399,V399,Multi-Year,1453539,INR,15,90,Active
C400,V400,Service Agreement,127660,INR,60,60,Active
C401,V401,Framework,455506,INR,60,60,Active
C402,V402,Annual,4820217,INR,60,30,Active
C403,V403,Multi-Year,4225834,INR,60,120,Active
C404,V404,Framework,203178,INR,30,60,Active
C405,V405,Multi-Year,565484,INR,45,120,Active
C406,V406,Multi-Year,926916,INR,30,60,Active
C407,V407,Annual,3935139,INR,30,90,Active
C408,V408,Multi-Year,1012649,INR,15,30,Active
C409,V409,Framework,1038455,INR,60,60,Active
C410,V410,Multi-Year,796984,INR,30,60,Active
C411,V411,Annual,2349283,INR,30,60,Active
C412,V412,Framework,3394003,INR,60,60,Active
C413,V413,Framework,378242,INR,45,90,Active
C414,V414,Multi-Year,4506641,INR,30,120,Active
C415,V415,Framework,3323084,INR,60,120,Active
C416,V416,Multi-Year,4688233,INR,30,60,Active
C417,V417,Framework,2440134,INR,45,120,Active
C418,V418,Annual,3396281,INR,45,90,Active
C419,V419,Service Agreement,575963,INR,15,90,Active
C420,V420,Multi-Year,3642349,INR,60,60,Active
C421,V421,Multi-Year,3480013,INR,60,30,Active
C422,V422,Service Agreement,4654711,INR,60,90,Active
C423,V423,Framework,3888013,INR,15,30,Active
C424,V424,Service Agreement,3065392,INR,15,120,Active
C425,V425,Service Agreement,2653709,INR,60,60,Active
C426,V426,Annual,2150830,INR,45,60,Active
C427,V427,Annual,819665,INR,45,30,Active
C428,V428,Service Agreement,799986,INR,15,90,Active
C429,V429,Framework,1814350,INR,30,120,Active
C430,V430,Multi-Year,181952,INR,60,90,Active
C431,V431,Service Agreement,3606976,INR,15,120,Active
C432,V432,Annual,367430,INR,45,60,Active
C433,V433,Service Agreement,4861271,INR,45,30,Active
C434,V434,Service Agreement,2789469,INR,15,30,Active
C435,V435,Annual,1161340,INR,30,30,Active
C436,V436,Multi-Year,4633707,INR,15,60,Active
C437,V437,Framework,4598988,INR,30,120,Active
C438,V438,Framework,3609889,INR,45,90,Active
C439,V439,Framework,1972428,INR,30,120,Active
C440,V440,Service Agreement,4873036,INR,30,120,Active
C441,V441,Framework,2707996,INR,45,90,Active
C442,V442,Annual,1467830,INR,45,120,Active
C443,V443,Multi-Year,230225,INR,45,90,Active
C444,V444,Annual,4825152,INR,45,30,Active
C445,V445,Framework,3286272,INR,30,60,Active
C446,V446,Annual,1561306,INR,60,30,Active
C447,V447,Framework,2626143,INR,60,90,Active
C448,V448,Service Agreement,246577,INR,60,30,Active
C449,V449,Service Agreement,2199681,INR,45,90,Active
C450,V450,Framework,881392,INR,60,30,Active
C451,V451,Service Agreement,4991654,INR,15,120,Active
C452,V452,Framework,3150189,INR,60,30,Active
C453,V453,Service Agreement,927393,INR,30,60,Active
C454,V454,Framework,1030551,INR,60,90,Active
C455,V455,Framework,457626,INR,60,30,Active
C456,V456,Annual,1898889,INR,45,30,Active
C457,V457,Service Agreement,4404056,INR,60,120,Active
C458,V458,Annual,2469596,INR,45,90,Active
C459,V459,Annual,1680613,INR,30,60,Active
C460,V460,Annual,475967,INR,30,30,Active
C461,V461,Annual,1308969,INR,45,120,Active
C462,V462,Service Agreement,720045,INR,45,90,Active
C463,V463,Service Agreement,2234685,INR,30,120,Active
C464,V464,Annual,295987,INR,15,90,Active
C465,V465,Service Agreement,1672628,INR,30,60,Active
C466,V466,Annual,2906826,INR,45,30,Active
C467,V467,Framework,1919259,INR,15,60,Active
C468,V468,Framework,2536337,INR,60,30,Active
C469,V469,Multi-Year,778897,INR,60,30,Active
C470,V470,Framework,2099745,INR,60,120,Active
C471,V471,Framework,2408129,INR,30,120,Active
C472,V472,Framework,4786166,INR,45,90,Active
C473,V473,Multi-Year,4294238,INR,60,120,Active
C474,V474,Multi-Year,1085588,INR,15,120,Active
C475,V475,Annual,954533,INR,15,60,Active
C476,V476,Framework,4000112,INR,15,120,Active
C477,V477,Framework,2979632,INR,60,90,Active
C478,V478,Service Agreement,4089595,INR,60,90,Active
C479,V479,Annual,2167262,INR,45,60,Active
C480,V480,Service Agreement,1171152,INR,15,30,Active
C481,V481,Framework,3699834,INR,15,60,Active
C482,V482,Annual,2312731,INR,60,30,Active
C483,V483,Annual,1652108,INR,45,60,Active
C484,V484,Service Agreement,98265,INR,15,60,Active
C485,V485,Framework,494937,INR,45,120,Active
C486,V486,Multi-Year,4583493,INR,60,30,Active
C487,V487,Annual,4947180,INR,15,90,Active
C488,V488,Multi-Year,4075119,INR,45,120,Active
C489,V489,Framework,2543367,INR,30,60,Active
C490,V490,Multi-Year,2289052,INR,60,60,Active
C491,V491,Annual,3258947,INR,60,60,Active
C492,V492,Framework,738967,INR,30,60,Active
C493,V493,Framework,1803797,INR,30,30,Active
C494,V494,Multi-Year,4285514,INR,45,30,Active
C495,V495,Service Agreement,4650002,INR,30,90,Active
C496,V496,Annual,3361250,INR,45,90,Active
C497,V497,Multi-Year,1250184,INR,30,60,Active
C498,V498,Annual,4801381,INR,15,120,Active
C499,V499,Framework,3544208,INR,60,60,Active
C500,V500,Framework,4723514,INR,30,120,Active
