performance_id,vendor_id,period,orders,on_time_deliveries,late_deliveries,quality_score,sla_score,delivery_score
P001,V001,2026-Q2,338,330,8,94.26,96.54,97.65
P002,V002,2026-Q2,414,403,11,94.84,94.11,97.24
P003,V003,2026-Q2,300,289,11,99.26,99.38,96.25
P004,V004,2026-Q2,239,229,10,98.02,98.38,95.68
P005,V005,2026-Q2,108,104,4,95.7,97.87,96.64
P006,V006,2026-Q2,480,459,21,95.45,96.88,95.68
P007,V007,2026-Q2,350,341,9,98.65,98.79,97.56
P008,V008,2026-Q2,184,184,0,97.38,98.48,99.79
P009,V009,2026-Q2,505,487,18,96.66,98.64,96.38
P010,V010,2026-Q2,597,584,13,99.09,96.88,97.75
P011,V011,2026-Q2,194,190,4,94.87,96.2,97.79
P012,V012,2026-Q2,436,431,5,95.76,98.2,98.93
P013,V013,2026-Q2,80,79,1,98.66,97.2,98.18
P014,V014,2026-Q2,144,141,3,94.88,95.53,98.02
P015,V015,2026-Q2,123,119,4,97.82,97.58,96.96
P016,V016,2026-Q2,515,506,9,99.17,96.45,98.28
P017,V017,2026-Q2,574,550,24,96.3,94.68,95.89
P018,V018,2026-Q2,515,504,11,96.67,95.88,97.78
P019,V019,2026-Q2,589,561,28,99.22,95.62,95.28
P020,V020,2026-Q2,286,279,7,95.47,97.4,97.67
P021,V021,2026-Q2,235,228,7,95.81,95.98,97.09
P022,V022,2026-Q2,515,501,14,96.04,96.25,97.24
P023,V023,2026-Q2,409,394,15,99.08,97.38,96.24
P024,V024,2026-Q2,113,108,5,95.57,95.3,95.85
P025,V025,2026-Q2,174,169,5,99.46,94.63,96.9
P026,V026,2026-Q2,333,330,3,96.27,94.52,99.16
P027,V027,2026-Q2,254,250,4,94.01,97.36,98.6
P028,V028,2026-Q2,467,460,7,96.46,94.87,98.43
P029,V029,2026-Q2,285,272,13,99.12,96.43,95.3
P030,V030,2026-Q2,155,148,7,96.03,95.69,95.23
P031,V031,2026-Q2,162,159,3,94.0,97.11,98.06
P032,V032,2026-Q2,362,359,3,94.45,96.05,99.04
P033,V033,2026-Q2,415,404,11,98.07,94.57,97.34
P034,V034,2026-Q2,443,438,5,94.9,98.22,98.83
P035,V035,2026-Q2,318,305,13,94.18,95.34,95.92
P036,V036,2026-Q2,89,86,3,95.29,96.68,96.55
P037,V037,2026-Q2,414,397,17,97.61,96.83,95.94
P038,V038,2026-Q2,328,312,16,98.56,94.44,95.25
P039,V039,2026-Q2,97,95,2,98.58,97.99,98.1
P040,V040,2026-Q2,238,234,4,96.49,99.44,98.31
P041,V041,2026-Q2,277,272,5,96.16,95.27,98.33
P042,V042,2026-Q2,360,356,4,95.9,95.75,98.83
P043,V043,2026-Q2,416,404,12,95.53,97.65,97.24
P044,V044,2026-Q2,379,365,14,97.53,98.27,96.26
P045,V045,2026-Q2,510,490,20,97.72,98.72,96.16
P046,V046,2026-Q2,504,483,21,97.23,97.97,95.84
P047,V047,2026-Q2,410,390,20,95.83,95.35,95.23
P048,V048,2026-Q2,346,331,15,94.69,97.88,95.56
P049,V049,2026-Q2,564,538,26,95.98,95.32,95.31
P050,V050,2026-Q2,579,556,23,98.38,94.1,95.95
P051,V051,2026-Q2,529,515,14,96.71,95.24,97.31
P052,V052,2026-Q2,191,187,4,95.19,98.15,98.09
P053,V053,2026-Q2,178,172,6,94.66,95.89,96.81
P054,V054,2026-Q2,166,164,2,99.04,94.03,98.79
P055,V055,2026-Q2,249,248,1,95.0,95.33,99.44
P056,V056,2026-Q2,275,266,9,99.23,99.49,96.88
P057,V057,2026-Q2,447,425,22,95.56,97.67,95.02
P058,V058,2026-Q2,160,158,2,98.76,98.27,98.59
P059,V059,2026-Q2,92,91,1,94.73,94.82,99.37
P060,V060,2026-Q2,148,141,7,97.96,96.48,95.09
P061,V061,2026-Q2,201,193,8,94.25,95.41,95.81
P062,V062,2026-Q2,139,135,4,96.12,97.07,96.84
P063,V063,2026-Q2,417,397,20,95.78,97.47,95.29
P064,V064,2026-Q2,471,457,14,94.51,94.01,97.08
P065,V065,2026-Q2,422,421,1,99.15,97.31,99.67
P066,V066,2026-Q2,103,102,1,95.54,95.21,98.81
P067,V067,2026-Q2,492,468,24,95.83,99.11,95.05
P068,V068,2026-Q2,434,431,3,95.71,95.38,99.39
P069,V069,2026-Q2,429,412,17,97.94,95.15,96.0
P070,V070,2026-Q2,304,294,10,97.97,97.52,96.86
P071,V071,2026-Q2,397,378,19,96.11,95.53,95.29
P072,V072,2026-Q2,203,193,10,96.91,95.63,95.24
P073,V073,2026-Q2,327,320,7,96.04,95.45,97.81
P074,V074,2026-Q2,94,90,4,98.85,96.45,96.05
P075,V075,2026-Q2,560,533,27,95.27,98.84,95.22
P076,V076,2026-Q2,552,527,25,96.09,98.5,95.52
P077,V077,2026-Q2,240,237,3,94.09,94.85,98.79
P078,V078,2026-Q2,224,217,7,95.63,98.28,96.93
P079,V079,2026-Q2,554,550,4,96.59,95.95,99.35
P080,V080,2026-Q2,247,235,12,98.91,95.96,95.31
P081,V081,2026-Q2,430,415,15,94.3,94.51,96.47
P082,V082,2026-Q2,206,202,4,94.07,97.43,98.18
P083,V083,2026-Q2,324,316,8,94.04,96.19,97.61
P084,V084,2026-Q2,402,387,15,94.63,95.38,96.35
P085,V085,2026-Q2,205,197,8,95.73,98.14,96.26
P086,V086,2026-Q2,293,290,3,98.42,96.3,99.15
P087,V087,2026-Q2,479,465,14,96.68,95.55,97.0
P088,V088,2026-Q2,483,463,20,97.33,99.14,95.78
P089,V089,2026-Q2,494,487,7,94.55,95.05,98.57
P090,V090,2026-Q2,160,159,1,94.74,98.34,99.12
P091,V091,2026-Q2,341,339,2,96.35,94.52,99.4
P092,V092,2026-Q2,163,161,2,96.06,94.35,98.88
P093,V093,2026-Q2,380,379,1,98.68,96.72,99.72
P094,V094,2026-Q2,112,110,2,98.17,99.04,98.12
P095,V095,2026-Q2,533,519,14,98.98,97.3,97.34
P096,V096,2026-Q2,438,429,9,97.8,98.61,98.01
P097,V097,2026-Q2,380,378,2,97.67,94.39,99.5
P098,V098,2026-Q2,466,463,3,94.29,98.16,99.43
P099,V099,2026-Q2,301,297,4,98.03,94.39,98.81
P100,V100,2026-Q2,359,354,5,95.52,94.53,98.5
P101,V101,2026-Q2,100,98,2,95.67,97.04,98.11
P102,V102,2026-Q2,183,179,4,99.2,98.52,97.86
P103,V103,2026-Q2,308,294,14,98.63,96.05,95.35
P104,V104,2026-Q2,359,352,7,97.34,97.56,98.13
P105,V105,2026-Q2,274,273,1,95.48,98.49,99.73
P106,V106,2026-Q2,234,230,4,97.99,99.28,98.14
P107,V107,2026-Q2,244,242,2,98.51,97.64,99.0
P108,V108,2026-Q2,196,187,9,99.15,96.37,95.49
P109,V109,2026-Q2,436,430,6,95.32,95.76,98.68
P110,V110,2026-Q2,224,221,3,98.68,94.79,98.88
P111,V111,2026-Q2,287,279,8,96.11,96.2,97.35
P112,V112,2026-Q2,144,143,1,98.05,96.34,99.38
P113,V113,2026-Q2,93,93,0,96.69,95.51,99.51
P114,V114,2026-Q2,187,180,7,98.85,97.45,96.45
P115,V115,2026-Q2,248,247,1,98.38,94.65,99.47
P116,V116,2026-Q2,557,544,13,98.92,99.21,97.61
P117,V117,2026-Q2,550,546,4,98.14,94.56,99.28
P118,V118,2026-Q2,319,307,12,96.41,98.03,96.11
P119,V119,2026-Q2,578,564,14,98.58,94.72,97.54
P120,V120,2026-Q2,511,500,11,97.8,95.55,97.84
P121,V121,2026-Q2,495,470,25,98.22,97.99,95.05
P122,V122,2026-Q2,542,522,20,98.75,97.43,96.23
P123,V123,2026-Q2,462,456,6,98.45,96.67,98.75
P124,V124,2026-Q2,145,139,6,94.46,97.39,95.64
P125,V125,2026-Q2,81,78,3,98.24,96.77,95.97
P126,V126,2026-Q2,369,352,17,98.13,99.21,95.41
P127,V127,2026-Q2,547,528,19,98.19,97.01,96.46
P128,V128,2026-Q2,368,360,8,98.26,98.18,97.93
P129,V129,2026-Q2,522,503,19,99.49,95.86,96.31
P130,V130,2026-Q2,280,269,11,94.71,96.73,96.01
P131,V131,2026-Q2,586,567,19,99.45,94.91,96.68
P132,V132,2026-Q2,235,230,5,97.83,95.56,97.92
P133,V133,2026-Q2,269,263,6,95.59,95.9,97.93
P134,V134,2026-Q2,442,422,20,96.45,98.61,95.39
P135,V135,2026-Q2,595,581,14,99.3,94.97,97.64
P136,V136,2026-Q2,292,291,1,96.86,97.97,99.61
P137,V137,2026-Q2,411,408,3,98.52,97.8,99.38
P138,V138,2026-Q2,526,518,8,97.87,95.93,98.48
P139,V139,2026-Q2,401,389,12,99.32,97.52,96.98
P140,V140,2026-Q2,335,322,13,95.35,99.19,96.01
P141,V141,2026-Q2,258,253,5,96.45,97.62,97.87
P142,V142,2026-Q2,349,337,12,98.58,94.45,96.66
P143,V143,2026-Q2,539,532,7,97.96,96.93,98.73
P144,V144,2026-Q2,287,281,6,95.29,95.37,97.78
P145,V145,2026-Q2,342,332,10,99.24,95.52,96.96
P146,V146,2026-Q2,409,398,11,96.86,97.47,97.25
P147,V147,2026-Q2,263,251,12,99.31,99.28,95.42
P148,V148,2026-Q2,223,213,10,96.99,94.2,95.29
P149,V149,2026-Q2,253,252,1,97.24,96.78,99.6
P150,V150,2026-Q2,107,104,3,96.77,95.0,96.98
P151,V151,2026-Q2,106,102,4,94.8,98.59,95.91
P152,V152,2026-Q2,264,259,5,97.06,94.99,98.14
P153,V153,2026-Q2,417,404,13,98.76,96.54,96.77
P154,V154,2026-Q2,508,505,3,97.09,98.96,99.31
P155,V155,2026-Q2,218,208,10,96.77,95.31,95.29
P156,V156,2026-Q2,125,123,2,94.31,96.6,98.37
P157,V157,2026-Q2,383,366,17,95.98,96.39,95.47
P158,V158,2026-Q2,283,281,2,98.91,95.13,99.24
P159,V159,2026-Q2,238,234,4,96.1,94.81,98.13
P160,V160,2026-Q2,480,469,11,96.55,99.18,97.65
P161,V161,2026-Q2,304,290,14,96.09,94.46,95.27
P162,V162,2026-Q2,360,349,11,97.41,95.69,96.99
P163,V163,2026-Q2,127,126,1,96.77,94.22,99.13
P164,V164,2026-Q2,593,590,3,94.57,94.59,99.54
P165,V165,2026-Q2,316,308,8,95.84,94.39,97.5
P166,V166,2026-Q2,336,334,2,96.31,94.82,99.32
P167,V167,2026-Q2,366,362,4,94.15,98.04,98.83
P168,V168,2026-Q2,256,217,39,78.56,72.68,84.81
P169,V169,2026-Q2,372,315,57,87.95,73.59,84.69
P170,V170,2026-Q2,540,485,55,87.52,73.6,89.78
P171,V171,2026-Q2,522,456,66,77.31,69.07,87.34
P172,V172,2026-Q2,335,260,75,80.38,77.29,77.74
P173,V173,2026-Q2,443,389,54,87.13,86.73,87.8
P174,V174,2026-Q2,98,79,19,77.16,81.88,80.71
P175,V175,2026-Q2,446,383,63,89.75,68.65,85.82
P176,V176,2026-Q2,492,422,70,88.55,87.43,85.76
P177,V177,2026-Q2,220,192,28,87.53,73.36,87.32
P178,V178,2026-Q2,151,122,29,84.79,83.63,80.5
P179,V179,2026-Q2,161,132,29,80.05,69.94,81.85
P180,V180,2026-Q2,217,168,49,73.17,80.11,77.34
P181,V181,2026-Q2,516,461,55,70.41,82.78,89.34
P182,V182,2026-Q2,576,454,122,74.08,79.5,78.77
P183,V183,2026-Q2,129,99,30,75.52,85.59,76.84
P184,V184,2026-Q2,317,276,41,80.04,76.25,87.18
P185,V185,2026-Q2,254,212,42,73.62,71.8,83.56
P186,V186,2026-Q2,81,69,12,88.89,74.89,84.75
P187,V187,2026-Q2,314,244,70,71.51,86.65,77.74
P188,V188,2026-Q2,357,274,83,82.3,87.4,76.73
P189,V189,2026-Q2,143,127,16,80.96,77.96,89.11
P190,V190,2026-Q2,147,119,28,82.86,79.97,80.98
P191,V191,2026-Q2,584,530,54,71.35,71.12,90.83
P192,V192,2026-Q2,461,361,100,82.54,79.55,78.34
P193,V193,2026-Q2,427,386,41,89.31,74.46,90.45
P194,V194,2026-Q2,381,321,60,76.86,87.46,84.14
P195,V195,2026-Q2,484,388,96,73.3,82.09,80.16
P196,V196,2026-Q2,597,536,61,82.79,88.0,89.81
P197,V197,2026-Q2,539,415,124,75.88,79.55,77.04
P198,V198,2026-Q2,237,204,33,82.29,71.82,85.87
P199,V199,2026-Q2,253,187,66,89.1,68.95,73.9
P200,V200,2026-Q2,453,332,121,88.36,80.05,73.21
P201,V201,2026-Q2,157,139,18,87.4,76.71,88.48
P202,V202,2026-Q2,417,315,102,80.15,71.46,75.56
P203,V203,2026-Q2,372,333,39,87.15,73.52,89.43
P204,V204,2026-Q2,146,109,37,80.09,84.44,74.8
P205,V205,2026-Q2,517,376,141,87.13,74.46,72.67
P206,V206,2026-Q2,110,79,31,76.64,89.92,72.04
P207,V207,2026-Q2,215,167,48,83.78,76.75,77.74
P208,V208,2026-Q2,542,461,81,75.5,69.91,85.14
P209,V209,2026-Q2,537,480,57,79.39,71.08,89.34
P210,V210,2026-Q2,543,397,146,89.09,78.7,73.15
P211,V211,2026-Q2,480,403,77,84.95,86.01,83.96
P212,V212,2026-Q2,105,94,11,79.58,69.95,89.4
P213,V213,2026-Q2,355,286,69,82.74,88.33,80.62
P214,V214,2026-Q2,519,469,50,79.31,84.89,90.34
P215,V215,2026-Q2,362,284,78,79.21,87.91,78.57
P216,V216,2026-Q2,113,100,13,89.37,72.15,88.94
P217,V217,2026-Q2,442,342,100,79.75,85.18,77.32
P218,V218,2026-Q2,455,382,73,75.0,76.97,83.86
P219,V219,2026-Q2,242,211,31,72.8,89.19,87.11
P220,V220,2026-Q2,86,65,21,76.71,86.63,75.95
P221,V221,2026-Q2,400,336,64,71.53,85.04,83.9
P222,V222,2026-Q2,487,365,122,82.22,82.85,74.85
P223,V223,2026-Q2,466,340,126,78.92,85.77,73.03
P224,V224,2026-Q2,125,92,33,82.56,85.25,73.69
P225,V225,2026-Q2,553,403,150,73.26,89.6,72.81
P226,V226,2026-Q2,240,192,48,85.94,87.65,80.19
P227,V227,2026-Q2,172,136,36,83.9,71.32,78.94
P228,V228,2026-Q2,417,374,43,76.3,88.31,89.74
P229,V229,2026-Q2,171,150,21,80.76,78.03,87.51
P230,V230,2026-Q2,528,415,113,81.14,73.83,78.53
P231,V231,2026-Q2,265,239,26,73.73,73.94,90.12
P232,V232,2026-Q2,570,506,64,73.62,81.0,88.78
P233,V233,2026-Q2,543,476,67,73.75,83.45,87.58
P234,V234,2026-Q2,586,454,132,73.69,74.0,77.46
P235,V235,2026-Q2,539,451,88,84.38,70.14,83.68
P236,V236,2026-Q2,566,469,97,82.88,77.13,82.87
P237,V237,2026-Q2,99,72,27,86.89,79.2,72.43
P238,V238,2026-Q2,540,448,92,79.32,81.94,82.93
P239,V239,2026-Q2,561,501,60,86.14,79.97,89.22
P240,V240,2026-Q2,411,365,46,71.77,89.92,88.79
P241,V241,2026-Q2,513,431,82,82.16,71.2,84.11
P242,V242,2026-Q2,552,424,128,84.26,87.42,76.73
P243,V243,2026-Q2,533,424,109,89.72,89.15,79.57
P244,V244,2026-Q2,216,165,51,87.96,72.31,76.41
P245,V245,2026-Q2,384,293,91,77.51,83.89,76.32
P246,V246,2026-Q2,146,124,22,74.53,86.96,84.67
P247,V247,2026-Q2,432,383,49,81.44,68.78,88.74
P248,V248,2026-Q2,142,121,21,70.78,83.61,85.15
P249,V249,2026-Q2,214,160,54,74.24,71.18,74.59
P250,V250,2026-Q2,271,197,74,77.31,74.72,72.59
P251,V251,2026-Q2,189,155,34,74.76,87.34,82.0
P252,V252,2026-Q2,211,156,55,77.67,88.73,74.14
P253,V253,2026-Q2,330,275,55,81.85,78.78,83.45
P254,V254,2026-Q2,275,228,47,89.72,85.97,83.07
P255,V255,2026-Q2,519,447,72,84.78,77.6,86.13
P256,V256,2026-Q2,496,384,112,86.97,85.14,77.52
P257,V257,2026-Q2,432,391,41,89.54,83.26,90.62
P258,V258,2026-Q2,534,435,99,71.97,87.61,81.55
P259,V259,2026-Q2,339,273,66,86.72,73.08,80.64
P260,V260,2026-Q2,573,521,52,76.91,74.95,90.94
P261,V261,2026-Q2,150,129,21,80.92,69.99,86.03
P262,V262,2026-Q2,392,320,72,71.76,79.81,81.51
P263,V263,2026-Q2,180,162,18,88.8,84.48,89.96
P264,V264,2026-Q2,118,101,17,88.17,73.79,85.21
P265,V265,2026-Q2,414,328,86,83.25,87.84,79.26
P266,V266,2026-Q2,393,333,60,82.83,85.59,84.65
P267,V267,2026-Q2,116,104,12,88.39,70.72,89.99
P268,V268,2026-Q2,508,431,77,86.3,73.8,84.86
P269,V269,2026-Q2,432,383,49,83.16,72.89,88.59
P270,V270,2026-Q2,543,422,121,81.23,80.91,77.66
P271,V271,2026-Q2,274,228,46,81.18,79.94,83.27
P272,V272,2026-Q2,90,69,21,80.84,71.39,76.15
P273,V273,2026-Q2,163,133,30,84.44,84.42,81.67
P274,V274,2026-Q2,475,412,63,75.57,79.72,86.73
P275,V275,2026-Q2,237,189,48,72.49,71.47,79.58
P276,V276,2026-Q2,107,83,24,79.78,70.11,78.0
P277,V277,2026-Q2,222,178,44,85.46,78.92,80.11
P278,V278,2026-Q2,145,107,38,76.22,72.12,73.91
P279,V279,2026-Q2,470,366,104,88.13,78.05,77.93
P280,V280,2026-Q2,316,239,77,83.27,77.31,75.68
P281,V281,2026-Q2,420,382,38,76.26,77.56,90.99
P282,V282,2026-Q2,387,316,71,81.13,70.86,81.76
P283,V283,2026-Q2,252,210,42,87.04,77.64,83.15
P284,V284,2026-Q2,119,93,26,83.17,84.15,78.05
P285,V285,2026-Q2,569,475,94,77.16,89.39,83.45
P286,V286,2026-Q2,369,288,81,77.33,74.95,78.11
P287,V287,2026-Q2,450,399,51,73.09,86.74,88.58
P288,V288,2026-Q2,311,264,47,70.28,87.28,84.98
P289,V289,2026-Q2,267,206,61,79.47,81.31,77.1
P290,V290,2026-Q2,147,110,37,78.62,74.97,75.05
P291,V291,2026-Q2,532,399,133,89.29,72.52,75.06
P292,V292,2026-Q2,257,200,57,84.87,88.98,77.86
P293,V293,2026-Q2,112,92,20,77.85,74.4,82.15
P294,V294,2026-Q2,366,318,48,70.73,71.63,86.97
P295,V295,2026-Q2,423,317,106,85.53,86.46,74.93
P296,V296,2026-Q2,387,280,107,86.36,88.55,72.28
P297,V297,2026-Q2,130,107,23,84.47,76.91,82.22
P298,V298,2026-Q2,179,130,49,89.58,81.6,72.87
P299,V299,2026-Q2,590,464,126,70.42,72.28,78.71
P300,V300,2026-Q2,483,401,82,84.27,69.81,83.05
P301,V301,2026-Q2,183,164,19,87.03,89.5,89.81
P302,V302,2026-Q2,309,255,54,71.38,87.58,82.56
P303,V303,2026-Q2,454,406,48,77.64,79.73,89.35
P304,V304,2026-Q2,450,374,76,81.95,73.41,83.0
P305,V305,2026-Q2,321,236,85,82.62,82.5,73.51
P306,V306,2026-Q2,484,362,122,75.63,85.15,74.81
P307,V307,2026-Q2,199,164,35,74.82,76.38,82.54
P308,V308,2026-Q2,409,320,89,80.31,84.77,78.35
P309,V309,2026-Q2,495,398,97,81.29,71.65,80.47
P310,V310,2026-Q2,553,464,89,74.14,70.14,83.94
P311,V311,2026-Q2,407,361,46,78.75,74.68,88.62
P312,V312,2026-Q2,374,331,43,77.78,81.76,88.55
P313,V313,2026-Q2,125,108,17,70.32,81.11,86.58
P314,V314,2026-Q2,192,139,53,86.89,80.11,72.44
P315,V315,2026-Q2,502,424,78,80.07,73.32,84.42
P316,V316,2026-Q2,291,235,56,78.83,80.36,80.84
P317,V317,2026-Q2,427,382,45,80.52,76.91,89.48
P318,V318,2026-Q2,262,230,32,88.51,74.28,87.78
P319,V319,2026-Q2,308,275,33,82.94,70.93,89.13
P320,V320,2026-Q2,378,316,62,83.87,76.56,83.56
P321,V321,2026-Q2,394,358,36,89.02,83.51,90.98
P322,V322,2026-Q2,479,377,102,84.41,75.42,78.65
P323,V323,2026-Q2,412,335,77,86.92,84.77,81.32
P324,V324,2026-Q2,442,326,116,84.06,70.47,73.79
P325,V325,2026-Q2,500,426,74,72.74,89.47,85.26
P326,V326,2026-Q2,154,135,19,70.24,84.33,87.43
P327,V327,2026-Q2,592,455,137,83.03,80.09,76.81
P328,V328,2026-Q2,142,108,34,87.75,70.58,75.73
P329,V329,2026-Q2,570,457,113,84.94,78.03,80.23
P330,V330,2026-Q2,129,95,34,75.47,68.56,73.29
P331,V331,2026-Q2,410,344,66,77.48,71.73,83.92
P332,V332,2026-Q2,335,273,62,77.62,83.56,81.48
P333,V333,2026-Q2,151,122,29,86.91,80.15,80.74
P334,V334,2026-Q2,118,94,24,79.94,83.29,79.26
P335,V335,2026-Q2,222,207,15,86.8,86.85,93.38
P336,V336,2026-Q2,139,128,11,80.83,86.74,91.79
P337,V337,2026-Q2,266,219,47,85.05,83.19,82.38
P338,V338,2026-Q2,380,344,36,81.28,88.66,90.42
P339,V339,2026-Q2,103,88,15,86.68,81.45,85.32
P340,V340,2026-Q2,374,344,30,91.43,87.48,91.9
P341,V341,2026-Q2,136,127,9,86.7,80.57,93.22
P342,V342,2026-Q2,286,261,25,80.51,86.23,91.29
P343,V343,2026-Q2,586,518,68,91.74,86.31,88.37
P344,V344,2026-Q2,174,155,19,91.71,88.82,88.93
P345,V345,2026-Q2,381,355,26,81.7,92.19,93.07
P346,V346,2026-Q2,115,97,18,87.47,79.82,84.69
P347,V347,2026-Q2,205,181,24,80.67,78.96,88.24
P348,V348,2026-Q2,492,446,46,81.61,92.07,90.59
P349,V349,2026-Q2,414,363,51,90.96,89.56,87.74
P350,V350,2026-Q2,589,495,94,93.81,81.19,84.11
P351,V351,2026-Q2,559,482,77,81.49,80.0,86.24
P352,V352,2026-Q2,547,512,35,88.83,91.61,93.59
P353,V353,2026-Q2,588,519,69,80.04,90.44,88.25
P354,V354,2026-Q2,509,449,60,93.06,84.45,88.29
P355,V355,2026-Q2,347,315,32,85.33,86.48,90.81
P356,V356,2026-Q2,81,75,6,93.72,88.17,92.74
P357,V357,2026-Q2,412,340,72,91.14,80.19,82.63
P358,V358,2026-Q2,323,299,24,86.3,88.63,92.42
P359,V359,2026-Q2,509,450,59,85.54,86.2,88.45
P360,V360,2026-Q2,162,133,29,91.51,88.51,82.1
P361,V361,2026-Q2,221,186,35,82.66,78.13,84.26
P362,V362,2026-Q2,392,359,33,90.04,80.44,91.68
P363,V363,2026-Q2,118,102,16,93.74,87.16,86.23
P364,V364,2026-Q2,477,432,45,83.33,78.9,90.48
P365,V365,2026-Q2,398,329,69,89.68,78.74,82.66
P366,V366,2026-Q2,415,350,65,83.76,89.78,84.29
P367,V367,2026-Q2,358,306,52,84.68,80.54,85.42
P368,V368,2026-Q2,583,545,38,85.73,91.75,93.46
P369,V369,2026-Q2,348,301,47,83.44,82.6,86.6
P370,V370,2026-Q2,410,365,45,84.48,79.35,89.11
P371,V371,2026-Q2,414,387,27,91.31,80.09,93.54
P372,V372,2026-Q2,260,216,44,88.16,91.3,83.22
P373,V373,2026-Q2,542,505,37,83.48,88.62,93.22
P374,V374,2026-Q2,220,192,28,86.55,90.77,87.4
P375,V375,2026-Q2,105,94,11,90.51,92.28,89.73
P376,V376,2026-Q2,568,484,84,81.23,88.18,85.14
P377,V377,2026-Q2,99,92,7,86.91,89.47,93.04
P378,V378,2026-Q2,334,283,51,91.74,81.49,84.71
P379,V379,2026-Q2,131,108,23,82.17,88.44,82.49
P380,V380,2026-Q2,114,104,10,85.94,84.52,90.84
P381,V381,2026-Q2,543,497,46,84.17,86.02,91.51
P382,V382,2026-Q2,354,307,47,81.58,80.24,86.79
P383,V383,2026-Q2,504,454,50,88.54,84.0,90.12
P384,V384,2026-Q2,484,431,53,93.89,89.28,89.11
P385,V385,2026-Q2,315,263,52,83.08,83.55,83.56
P386,V386,2026-Q2,184,168,16,82.92,90.36,91.52
P387,V387,2026-Q2,223,189,34,85.09,89.29,84.9
P388,V388,2026-Q2,314,266,48,90.3,90.13,84.65
P389,V389,2026-Q2,548,502,46,89.28,84.21,91.66
P390,V390,2026-Q2,370,339,31,85.41,79.09,91.65
P391,V391,2026-Q2,126,118,8,83.47,84.96,93.59
P392,V392,2026-Q2,333,308,25,84.22,83.44,92.59
P393,V393,2026-Q2,505,420,85,89.26,91.01,83.24
P394,V394,2026-Q2,180,150,30,88.06,91.04,83.42
P395,V395,2026-Q2,268,224,44,88.5,91.51,83.52
P396,V396,2026-Q2,506,464,42,84.91,87.32,91.74
P397,V397,2026-Q2,258,222,36,83.18,82.28,86.1
P398,V398,2026-Q2,247,232,15,81.78,89.39,93.85
P399,V399,2026-Q2,453,391,62,80.65,82.7,86.25
P400,V400,2026-Q2,460,406,54,86.79,88.93,88.28
P401,V401,2026-Q2,166,148,18,86.31,83.14,88.99
P402,V402,2026-Q2,193,162,31,89.76,80.14,83.82
P403,V403,2026-Q2,347,310,37,93.74,92.02,89.37
P404,V404,2026-Q2,142,122,20,81.27,79.78,86.17
P405,V405,2026-Q2,502,469,33,88.14,91.21,93.44
P406,V406,2026-Q2,581,531,50,87.39,79.88,91.45
P407,V407,2026-Q2,318,264,54,92.29,92.41,83.06
P408,V408,2026-Q2,554,475,79,85.2,82.96,85.73
P409,V409,2026-Q2,474,438,36,84.53,91.01,92.44
P410,V410,2026-Q2,290,241,49,90.97,78.85,83.01
P411,V411,2026-Q2,215,201,14,87.31,79.05,93.55
P412,V412,2026-Q2,410,347,63,90.58,85.44,84.72
P413,V413,2026-Q2,93,79,14,81.7,79.29,85.43
P414,V414,2026-Q2,429,392,37,84.88,80.74,91.29
P415,V415,2026-Q2,276,246,30,85.91,84.71,89.31
P416,V416,2026-Q2,501,424,77,91.69,81.19,84.67
P417,V417,2026-Q2,542,484,58,80.07,80.77,89.34
P418,V418,2026-Q2,390,358,32,85.33,80.94,91.91
P419,V419,2026-Q2,311,285,26,92.37,92.79,91.55
P420,V420,2026-Q2,197,177,20,88.77,90.94,89.6
P421,V421,2026-Q2,386,344,42,81.25,84.14,89.05
P422,V422,2026-Q2,363,310,53,85.2,86.12,85.45
P423,V423,2026-Q2,268,244,24,90.07,92.84,90.94
P424,V424,2026-Q2,181,162,19,90.56,90.22,89.65
P425,V425,2026-Q2,195,183,12,86.65,86.56,93.86
P426,V426,2026-Q2,477,437,40,84.81,88.88,91.7
P427,V427,2026-Q2,289,258,31,87.34,80.5,89.2
P428,V428,2026-Q2,259,218,41,86.75,85.8,84.02
P429,V429,2026-Q2,558,459,99,88.64,87.36,82.34
P430,V430,2026-Q2,174,152,22,82.52,83.44,87.48
P431,V431,2026-Q2,96,88,8,87.44,79.03,91.19
P432,V432,2026-Q2,338,298,40,88.72,79.13,88.04
P433,V433,2026-Q2,591,495,96,90.86,89.68,83.73
P434,V434,2026-Q2,504,455,49,85.05,91.99,90.21
P435,V435,2026-Q2,494,442,52,88.0,84.26,89.57
P436,V436,2026-Q2,308,261,47,88.98,91.48,84.82
P437,V437,2026-Q2,368,313,55,84.27,91.94,84.94
P438,V438,2026-Q2,240,208,32,84.45,81.81,86.75
P439,V439,2026-Q2,546,473,73,83.52,81.68,86.66
P440,V440,2026-Q2,476,425,51,81.31,91.99,89.24
P441,V441,2026-Q2,322,301,21,92.19,85.6,93.53
P442,V442,2026-Q2,183,165,18,89.5,84.85,90.08
P443,V443,2026-Q2,321,274,47,90.31,90.63,85.47
P444,V444,2026-Q2,167,156,11,81.15,88.54,93.34
P445,V445,2026-Q2,124,116,8,93.03,84.93,93.64
P446,V446,2026-Q2,172,158,14,89.5,84.29,92.06
P447,V447,2026-Q2,157,136,21,89.77,79.39,86.6
P448,V448,2026-Q2,208,184,24,80.86,87.61,88.53
P449,V449,2026-Q2,440,402,38,91.05,88.61,91.31
P450,V450,2026-Q2,388,320,68,91.11,83.83,82.36
P451,V451,2026-Q2,516,432,84,92.46,82.09,83.65
P452,V452,2026-Q2,186,161,25,92.16,87.38,86.35
P453,V453,2026-Q2,390,356,34,84.73,89.32,91.3
P454,V454,2026-Q2,297,271,26,86.37,81.14,91.26
P455,V455,2026-Q2,312,270,42,80.91,86.14,86.44
P456,V456,2026-Q2,450,384,66,82.61,86.91,85.35
P457,V457,2026-Q2,157,143,14,85.01,90.47,90.79
P458,V458,2026-Q2,179,162,17,85.13,81.45,90.72
P459,V459,2026-Q2,139,117,22,82.25,85.73,84.27
P460,V460,2026-Q2,562,521,41,91.47,84.58,92.7
P461,V461,2026-Q2,302,270,32,91.95,80.29,89.54
P462,V462,2026-Q2,372,328,44,84.03,79.21,88.14
P463,V463,2026-Q2,493,462,31,91.76,91.13,93.7
P464,V464,2026-Q2,224,185,39,83.6,91.43,82.78
P465,V465,2026-Q2,339,306,33,91.13,80.89,90.2
P466,V466,2026-Q2,442,398,44,82.89,90.87,90.07
P467,V467,2026-Q2,225,202,23,83.33,84.29,89.91
P468,V468,2026-Q2,569,496,73,89.45,78.77,87.24
P469,V469,2026-Q2,192,161,31,84.32,92.99,83.75
P470,V470,2026-Q2,354,298,56,86.33,88.5,84.28
P471,V471,2026-Q2,373,311,62,84.65,84.62,83.4
P472,V472,2026-Q2,476,402,74,82.73,92.25,84.48
P473,V473,2026-Q2,81,73,8,81.59,87.36,90.01
P474,V474,2026-Q2,519,487,32,82.8,78.4,93.82
P475,V475,2026-Q2,319,271,48,81.49,80.45,85.1
P476,V476,2026-Q2,358,313,45,84.05,79.82,87.47
P477,V477,2026-Q2,251,227,24,88.34,79.35,90.62
P478,V478,2026-Q2,82,72,10,87.13,87.52,88.36
P479,V479,2026-Q2,161,139,22,83.61,89.08,86.16
P480,V480,2026-Q2,376,328,48,81.35,90.2,87.31
P481,V481,2026-Q2,103,96,7,81.22,87.53,93.36
P482,V482,2026-Q2,416,341,75,85.86,87.46,82.01
P483,V483,2026-Q2,397,359,38,80.7,85.04,90.45
P484,V484,2026-Q2,86,80,6,87.25,91.15,93.13
P485,V485,2026-Q2,164,151,13,93.89,91.28,91.81
P486,V486,2026-Q2,165,141,24,81.52,80.45,85.64
P487,V487,2026-Q2,345,290,55,82.45,89.94,84.13
P488,V488,2026-Q2,150,134,16,87.6,80.22,89.39
P489,V489,2026-Q2,242,201,41,86.73,82.25,83.22
P490,V490,2026-Q2,172,157,15,85.79,79.4,91.56
P491,V491,2026-Q2,106,88,18,83.43,81.32,83.14
P492,V492,2026-Q2,293,243,50,92.56,79.81,82.99
P493,V493,2026-Q2,571,523,48,89.56,89.93,91.64
P494,V494,2026-Q2,455,380,75,90.73,86.31,83.52
P495,V495,2026-Q2,522,437,85,84.7,86.46,83.71
P496,V496,2026-Q2,133,110,23,90.05,83.03,82.6
P497,V497,2026-Q2,119,105,14,87.08,82.31,88.28
P498,V498,2026-Q2,278,257,21,84.5,92.76,92.29
P499,V499,2026-Q2,232,193,39,87.73,84.33,83.02
P500,V500,2026-Q2,389,325,64,91.93,90.18,83.64
