risk_id,vendor_id,invoice_count,invoice_discrepancies,payment_delays,compliance_issues,critical_dependency,risk_event,risk_date
R001,V001,90,3,1,0,No,None,2026-07-22
R002,V002,221,2,1,0,No,None,2026-06-07
R003,V003,495,2,0,1,No,None,2026-06-25
R004,V004,287,2,1,1,No,Invoice Discrepancy,2026-08-10
R005,V005,124,2,2,0,No,None,2026-04-18
R006,V006,110,0,1,1,No,None,2026-01-10
R007,V007,469,2,0,0,No,Invoice Discrepancy,2026-03-26
R008,V008,107,1,2,1,No,Invoice Discrepancy,2026-02-14
R009,V009,179,1,0,1,No,None,2026-03-01
R010,V010,164,2,1,1,No,None,2026-01-27
R011,V011,283,1,2,0,No,None,2026-02-08
R012,V012,258,1,0,0,No,None,2026-01-05
R013,V013,199,1,0,0,No,None,2026-04-07
R014,V014,442,3,1,1,No,None,2026-03-20
R015,V015,166,0,2,0,No,None,2026-06-05
R016,V016,464,2,0,1,No,None,2026-04-03
R017,V017,564,1,0,0,No,None,2026-03-24
R018,V018,133,0,2,1,No,None,2026-08-16
R019,V019,247,1,2,1,No,None,2026-05-10
R020,V020,283,3,0,0,No,Invoice Discrepancy,2026-03-24
R021,V021,158,3,2,0,No,None,2026-03-19
R022,V022,279,0,2,0,No,Invoice Discrepancy,2026-02-20
R023,V023,453,0,0,1,No,Invoice Discrepancy,2026-06-06
R024,V024,418,3,1,0,No,Invoice Discrepancy,2026-03-10
R025,V025,509,2,1,0,No,Invoice Discrepancy,2026-08-12
R026,V026,478,3,1,1,No,None,2026-01-28
R027,V027,120,3,0,1,No,Invoice Discrepancy,2026-02-06
R028,V028,307,3,2,1,No,None,2026-01-03
R029,V029,108,1,2,0,No,None,2026-01-03
R030,V030,509,1,1,0,No,None,2026-03-18
R031,V031,271,0,0,0,No,Invoice Discrepancy,2026-01-27
R032,V032,437,0,2,0,No,None,2026-03-15
R033,V033,343,2,1,1,No,None,2026-07-10
R034,V034,358,1,0,0,No,None,2026-04-12
R035,V035,431,1,0,0,No,Invoice Discrepancy,2026-05-14
R036,V036,556,2,0,1,No,None,2026-03-14
R037,V037,587,2,2,0,No,None,2026-08-10
R038,V038,584,2,2,0,No,Invoice Discrepancy,2026-08-07
R039,V039,381,0,0,1,No,None,2026-05-04
R040,V040,340,3,1,1,No,None,2026-06-11
R041,V041,159,1,1,0,No,None,2026-07-14
R042,V042,242,3,0,1,No,None,2026-03-05
R043,V043,257,3,2,0,No,Invoice Discrepancy,2026-07-23
R044,V044,452,1,0,0,No,None,2026-07-23
R045,V045,526,1,0,0,No,Invoice Discrepancy,2026-03-15
R046,V046,518,3,2,0,No,None,2026-06-12
R047,V047,575,1,0,0,No,Invoice Discrepancy,2026-03-25
R048,V048,522,2,1,0,No,Invoice Discrepancy,2026-02-24
R049,V049,108,1,2,0,No,Invoice Discrepancy,2026-08-08
R050,V050,537,3,0,0,No,Invoice Discrepancy,2026-05-07
R051,V051,482,2,2,1,No,None,2026-03-22
R052,V052,525,2,0,1,No,Invoice Discrepancy,2026-08-10
R053,V053,324,3,2,0,No,None,2026-04-01
R054,V054,116,2,1,0,No,None,2026-05-16
R055,V055,321,1,0,1,No,None,2026-02-15
R056,V056,357,1,2,0,No,Invoice Discrepancy,2026-05-22
R057,V057,476,0,2,0,No,None,2026-07-23
R058,V058,323,2,1,0,No,None,2026-02-10
R059,V059,171,0,1,0,No,Invoice Discrepancy,2026-01-26
R060,V060,220,0,1,1,No,Invoice Discrepancy,2026-01-25
R061,V061,233,1,2,0,No,None,2026-03-19
R062,V062,202,0,0,0,No,Invoice Discrepancy,2026-07-22
R063,V063,357,0,1,1,No,Invoice Discrepancy,2026-01-18
R064,V064,333,3,0,0,No,None,2026-01-02
R065,V065,202,3,2,0,No,None,2026-08-10
R066,V066,570,3,2,1,No,None,2026-07-11
R067,V067,352,1,0,0,No,None,2026-01-03
R068,V068,233,2,1,0,No,None,2026-04-08
R069,V069,150,0,2,0,No,None,2026-01-16
R070,V070,285,0,2,0,No,Invoice Discrepancy,2026-01-19
R071,V071,131,3,0,1,No,None,2026-05-12
R072,V072,92,3,0,1,No,None,2026-05-05
R073,V073,330,1,0,1,No,None,2026-03-05
R074,V074,517,0,2,1,No,None,2026-08-12
R075,V075,304,1,0,0,No,None,2026-05-21
R076,V076,321,2,1,0,No,None,2026-07-14
R077,V077,598,3,2,0,No,None,2026-07-06
R078,V078,540,0,1,1,No,None,2026-04-12
R079,V079,551,0,0,0,No,None,2026-03-18
R080,V080,420,3,2,1,No,None,2026-04-17
R081,V081,512,2,0,1,No,None,2026-04-19
R082,V082,559,0,2,1,No,None,2026-01-08
R083,V083,139,3,0,0,No,None,2026-05-08
R084,V084,454,3,2,0,No,None,2026-04-22
R085,V085,577,3,1,0,No,None,2026-06-05
R086,V086,302,3,1,0,No,Invoice Discrepancy,2026-04-06
R087,V087,191,0,0,1,No,Invoice Discrepancy,2026-06-07
R088,V088,598,1,2,0,No,Invoice Discrepancy,2026-01-13
R089,V089,180,3,2,1,No,None,2026-02-04
R090,V090,202,3,0,0,No,Invoice Discrepancy,2026-02-17
R091,V091,201,0,0,0,No,None,2026-01-08
R092,V092,512,2,0,1,No,Invoice Discrepancy,2026-06-07
R093,V093,345,3,1,1,No,Invoice Discrepancy,2026-06-23
R094,V094,416,3,1,0,No,None,2026-02-14
R095,V095,334,2,2,1,No,Invoice Discrepancy,2026-05-06
R096,V096,519,2,2,0,No,None,2026-07-21
R097,V097,274,1,2,0,No,None,2026-04-15
R098,V098,81,0,0,0,No,None,2026-07-11
R099,V099,267,3,1,0,No,None,2026-02-18
R100,V100,218,1,1,1,No,None,2026-03-22
R101,V101,319,1,0,1,No,None,2026-03-05
R102,V102,194,0,1,1,No,Invoice Discrepancy,2026-03-14
R103,V103,391,3,2,1,No,None,2026-02-27
R104,V104,447,3,1,1,No,None,2026-03-15
R105,V105,131,2,1,0,No,Invoice Discrepancy,2026-07-02
R106,V106,103,0,2,1,No,Invoice Discrepancy,2026-07-04
R107,V107,430,3,1,1,No,None,2026-08-24
R108,V108,540,2,1,0,No,None,2026-07-10
R109,V109,438,3,1,0,No,Invoice Discrepancy,2026-01-04
R110,V110,350,0,1,1,No,Invoice Discrepancy,2026-01-14
R111,V111,399,2,1,1,No,Invoice Discrepancy,2026-03-07
R112,V112,571,0,2,1,No,None,2026-03-10
R113,V113,326,2,1,0,No,None,2026-08-15
R114,V114,89,0,1,0,No,None,2026-01-02
R115,V115,600,3,0,0,No,None,2026-07-20
R116,V116,101,2,0,1,No,None,2026-05-22
R117,V117,183,1,1,1,No,None,2026-03-10
R118,V118,568,0,1,1,No,None,2026-07-26
R119,V119,106,0,0,0,No,None,2026-03-21
R120,V120,228,2,1,1,No,Invoice Discrepancy,2026-02-12
R121,V121,582,3,2,0,No,Invoice Discrepancy,2026-03-24
R122,V122,537,1,2,0,No,Invoice Discrepancy,2026-01-27
R123,V123,374,0,1,0,No,None,2026-03-07
R124,V124,254,0,0,0,No,Invoice Discrepancy,2026-03-25
R125,V125,497,0,0,0,No,None,2026-05-09
R126,V126,560,1,0,0,No,Invoice Discrepancy,2026-04-09
R127,V127,130,3,1,1,No,None,2026-01-24
R128,V128,526,2,1,0,No,None,2026-02-21
R129,V129,501,1,1,1,No,None,2026-02-26
R130,V130,340,1,2,1,No,Invoice Discrepancy,2026-08-10
R131,V131,296,1,1,0,No,None,2026-07-01
R132,V132,273,0,0,0,No,None,2026-07-22
R133,V133,439,1,0,1,No,None,2026-02-23
R134,V134,343,0,2,1,No,None,2026-05-04
R135,V135,222,1,2,1,No,Invoice Discrepancy,2026-08-12
R136,V136,333,0,0,1,No,None,2026-01-20
R137,V137,132,3,1,1,No,None,2026-06-26
R138,V138,86,3,1,0,No,None,2026-03-25
R139,V139,317,0,1,1,No,None,2026-06-10
R140,V140,410,0,2,0,No,None,2026-02-01
R141,V141,480,3,0,1,No,None,2026-03-21
R142,V142,148,1,1,0,No,Invoice Discrepancy,2026-08-27
R143,V143,149,1,0,1,No,Invoice Discrepancy,2026-01-28
R144,V144,410,1,2,0,No,None,2026-05-25
R145,V145,110,3,2,0,No,None,2026-04-09
R146,V146,305,0,1,1,No,None,2026-07-05
R147,V147,285,1,2,0,No,None,2026-07-11
R148,V148,358,3,1,0,No,None,2026-08-24
R149,V149,102,2,2,0,No,None,2026-08-02
R150,V150,549,3,1,1,No,None,2026-05-24
R151,V151,308,0,1,0,No,None,2026-01-04
R152,V152,254,0,0,1,No,Invoice Discrepancy,2026-02-22
R153,V153,405,0,2,1,No,None,2026-01-27
R154,V154,503,0,2,0,No,None,2026-08-28
R155,V155,257,1,1,1,No,None,2026-08-05
R156,V156,576,3,1,1,No,Invoice Discrepancy,2026-08-17
R157,V157,139,1,2,0,No,None,2026-06-14
R158,V158,317,0,1,0,No,None,2026-02-23
R159,V159,527,0,0,0,No,None,2026-06-26
R160,V160,540,0,0,1,No,None,2026-08-22
R161,V161,198,0,0,0,No,Invoice Discrepancy,2026-03-24
R162,V162,447,1,1,0,No,Invoice Discrepancy,2026-03-10
R163,V163,295,0,2,1,No,None,2026-08-20
R164,V164,327,2,2,1,No,Invoice Discrepancy,2026-08-17
R165,V165,199,1,1,0,No,None,2026-01-18
R166,V166,431,2,0,0,No,Invoice Discrepancy,2026-07-19
R167,V167,518,1,1,1,No,None,2026-03-05
R168,V168,587,14,12,4,No,Late Delivery,2026-08-20
R169,V169,306,13,5,5,No,Invoice Discrepancy,2026-03-05
R170,V170,83,18,10,5,No,Quality Degradation,2026-08-11
R171,V171,420,20,11,2,No,Payment Delay,2026-06-23
R172,V172,349,14,7,4,No,SLA Breach,2026-08-13
R173,V173,321,20,5,5,No,SLA Breach,2026-07-10
R174,V174,173,18,3,5,No,Invoice Discrepancy,2026-07-13
R175,V175,256,5,5,3,No,SLA Breach,2026-04-18
R176,V176,381,20,10,3,No,SLA Breach,2026-01-05
R177,V177,597,11,10,1,No,Invoice Discrepancy,2026-01-26
R178,V178,246,6,8,4,No,SLA Breach,2026-07-22
R179,V179,326,18,7,2,No,SLA Breach,2026-06-28
R180,V180,428,7,4,4,No,SLA Breach,2026-04-02
R181,V181,515,10,2,2,No,Late Delivery,2026-04-23
R182,V182,473,20,3,4,No,Late Delivery,2026-08-19
R183,V183,481,13,8,3,No,Payment Delay,2026-08-20
R184,V184,226,8,3,5,No,Late Delivery,2026-04-04
R185,V185,322,7,4,5,No,Payment Delay,2026-03-05
R186,V186,273,14,6,3,No,Invoice Discrepancy,2026-05-20
R187,V187,214,9,8,4,No,Payment Delay,2026-08-08
R188,V188,85,12,9,5,No,Late Delivery,2026-02-03
R189,V189,186,20,2,4,No,SLA Breach,2026-04-16
R190,V190,86,7,10,5,No,Invoice Discrepancy,2026-07-13
R191,V191,152,18,12,3,No,Late Delivery,2026-07-21
R192,V192,288,13,4,3,No,Invoice Discrepancy,2026-08-28
R193,V193,452,19,9,5,No,Payment Delay,2026-02-05
R194,V194,289,5,10,1,No,Quality Degradation,2026-01-19
R195,V195,359,19,7,4,No,Late Delivery,2026-01-02
R196,V196,189,13,12,2,No,SLA Breach,2026-07-24
R197,V197,534,5,6,2,No,Quality Degradation,2026-03-08
R198,V198,84,17,3,3,No,Invoice Discrepancy,2026-06-28
R199,V199,501,16,11,1,No,SLA Breach,2026-07-13
R200,V200,404,10,11,3,No,Payment Delay,2026-07-25
R201,V201,311,7,3,4,No,SLA Breach,2026-08-23
R202,V202,445,19,8,4,No,Late Delivery,2026-05-07
R203,V203,127,7,7,1,No,SLA Breach,2026-03-24
R204,V204,222,15,7,1,No,Invoice Discrepancy,2026-07-25
R205,V205,498,15,3,5,No,SLA Breach,2026-02-17
R206,V206,451,15,4,1,No,Payment Delay,2026-06-07
R207,V207,332,19,6,5,No,SLA Breach,2026-04-06
R208,V208,108,12,5,5,No,Payment Delay,2026-02-26
R209,V209,536,11,11,3,No,Quality Degradation,2026-03-17
R210,V210,322,19,4,3,No,Invoice Discrepancy,2026-07-09
R211,V211,175,14,4,3,No,SLA Breach,2026-08-01
R212,V212,563,8,12,2,No,Invoice Discrepancy,2026-01-11
R213,V213,263,18,9,4,No,Late Delivery,2026-02-22
R214,V214,157,6,2,2,No,SLA Breach,2026-03-08
R215,V215,412,15,12,1,No,Late Delivery,2026-06-18
R216,V216,135,12,9,1,No,Payment Delay,2026-08-25
R217,V217,285,13,9,5,No,Quality Degradation,2026-03-06
R218,V218,118,12,2,1,No,Invoice Discrepancy,2026-02-20
R219,V219,93,7,2,5,No,SLA Breach,2026-07-25
R220,V220,415,7,4,1,No,Late Delivery,2026-01-09
R221,V221,87,12,9,2,No,Payment Delay,2026-04-27
R222,V222,549,9,10,3,No,Invoice Discrepancy,2026-03-20
R223,V223,418,6,12,4,No,Quality Degradation,2026-08-11
R224,V224,123,19,9,5,No,SLA Breach,2026-03-02
R225,V225,139,15,6,4,No,Payment Delay,2026-06-13
R226,V226,213,15,3,3,No,SLA Breach,2026-08-15
R227,V227,365,10,3,3,No,Invoice Discrepancy,2026-01-25
R228,V228,267,10,6,4,No,Late Delivery,2026-02-11
R229,V229,508,9,2,3,No,SLA Breach,2026-02-06
R230,V230,396,11,10,1,No,Late Delivery,2026-04-12
R231,V231,222,16,7,2,No,SLA Breach,2026-01-27
R232,V232,253,11,12,3,No,Late Delivery,2026-07-19
R233,V233,485,20,4,3,No,Payment Delay,2026-02-20
R234,V234,580,13,2,3,No,Invoice Discrepancy,2026-08-23
R235,V235,454,9,9,2,No,Invoice Discrepancy,2026-05-12
R236,V236,206,19,7,3,No,Invoice Discrepancy,2026-04-14
R237,V237,565,6,11,4,No,Payment Delay,2026-08-21
R238,V238,108,10,9,1,No,SLA Breach,2026-06-06
R239,V239,177,8,6,5,No,SLA Breach,2026-03-28
R240,V240,549,19,4,5,No,Quality Degradation,2026-02-15
R241,V241,357,10,12,1,No,Payment Delay,2026-06-02
R242,V242,252,18,12,4,No,SLA Breach,2026-02-07
R243,V243,131,8,7,3,No,Quality Degradation,2026-06-07
R244,V244,181,11,8,5,No,Quality Degradation,2026-02-15
R245,V245,540,14,2,3,No,Invoice Discrepancy,2026-07-08
R246,V246,201,13,12,1,No,Invoice Discrepancy,2026-08-07
R247,V247,302,9,8,5,No,Invoice Discrepancy,2026-02-15
R248,V248,355,16,3,1,No,Invoice Discrepancy,2026-06-01
R249,V249,146,15,12,5,No,Invoice Discrepancy,2026-01-02
R250,V250,569,13,5,5,No,Quality Degradation,2026-05-17
R251,V251,254,13,6,1,No,Invoice Discrepancy,2026-07-28
R252,V252,128,17,2,2,No,Invoice Discrepancy,2026-04-17
R253,V253,475,9,4,1,No,Invoice Discrepancy,2026-02-09
R254,V254,421,17,5,4,No,Invoice Discrepancy,2026-02-16
R255,V255,270,7,5,2,No,Quality Degradation,2026-07-20
R256,V256,86,5,4,3,No,Invoice Discrepancy,2026-07-10
R257,V257,227,13,10,4,No,Invoice Discrepancy,2026-01-05
R258,V258,480,13,7,2,No,SLA Breach,2026-03-21
R259,V259,400,10,8,4,No,Late Delivery,2026-01-12
R260,V260,294,6,4,3,No,Payment Delay,2026-08-26
R261,V261,303,19,5,5,No,Payment Delay,2026-03-01
R262,V262,575,10,9,1,No,SLA Breach,2026-06-20
R263,V263,366,14,9,3,No,Late Delivery,2026-03-07
R264,V264,274,19,2,5,No,Payment Delay,2026-04-11
R265,V265,309,9,9,2,No,Payment Delay,2026-05-09
R266,V266,87,19,9,2,No,SLA Breach,2026-08-03
R267,V267,401,7,2,2,No,Quality Degradation,2026-05-14
R268,V268,93,15,8,1,No,Late Delivery,2026-08-19
R269,V269,335,17,4,2,No,Late Delivery,2026-05-22
R270,V270,385,19,6,1,No,Invoice Discrepancy,2026-03-06
R271,V271,503,11,10,1,No,Late Delivery,2026-04-27
R272,V272,268,19,12,1,No,Quality Degradation,2026-04-12
R273,V273,192,7,10,4,No,Payment Delay,2026-06-04
R274,V274,372,15,2,1,No,Payment Delay,2026-01-01
R275,V275,438,14,5,3,No,Invoice Discrepancy,2026-01-15
R276,V276,131,18,4,4,No,Quality Degradation,2026-05-12
R277,V277,169,17,4,3,No,SLA Breach,2026-03-23
R278,V278,113,20,9,3,No,Payment Delay,2026-02-17
R279,V279,358,15,12,3,No,Payment Delay,2026-04-04
R280,V280,455,10,9,3,No,Payment Delay,2026-06-19
R281,V281,140,6,5,3,No,Quality Degradation,2026-04-28
R282,V282,399,19,12,1,No,SLA Breach,2026-06-24
R283,V283,401,5,11,4,No,Payment Delay,2026-01-11
R284,V284,157,20,3,1,No,SLA Breach,2026-02-10
R285,V285,97,11,5,4,No,Quality Degradation,2026-07-24
R286,V286,464,12,2,5,No,Invoice Discrepancy,2026-02-18
R287,V287,90,18,3,4,No,Quality Degradation,2026-06-11
R288,V288,580,11,4,3,No,Quality Degradation,2026-06-25
R289,V289,157,6,10,2,No,Payment Delay,2026-08-06
R290,V290,273,20,5,1,No,Payment Delay,2026-07-10
R291,V291,144,10,10,3,No,Late Delivery,2026-03-11
R292,V292,133,11,5,3,No,SLA Breach,2026-08-02
R293,V293,254,16,12,5,No,SLA Breach,2026-04-18
R294,V294,333,12,10,3,No,SLA Breach,2026-01-12
R295,V295,195,9,2,2,No,Invoice Discrepancy,2026-02-26
R296,V296,225,12,8,5,No,SLA Breach,2026-06-13
R297,V297,348,7,7,1,No,Invoice Discrepancy,2026-06-22
R298,V298,378,14,9,2,No,Late Delivery,2026-04-24
R299,V299,113,7,2,4,No,SLA Breach,2026-04-16
R300,V300,278,15,9,3,No,Invoice Discrepancy,2026-03-22
R301,V301,308,19,8,3,No,Late Delivery,2026-05-17
R302,V302,160,16,8,1,No,Quality Degradation,2026-07-19
R303,V303,140,7,10,4,No,Invoice Discrepancy,2026-04-22
R304,V304,260,11,9,2,No,Late Delivery,2026-04-05
R305,V305,124,15,4,5,No,Quality Degradation,2026-02-12
R306,V306,310,7,6,4,No,Invoice Discrepancy,2026-06-24
R307,V307,203,18,9,2,No,Invoice Discrepancy,2026-06-24
R308,V308,130,8,3,4,No,Late Delivery,2026-02-28
R309,V309,439,8,11,1,No,Quality Degradation,2026-05-28
R310,V310,582,20,10,3,No,Invoice Discrepancy,2026-05-13
R311,V311,458,18,12,2,No,SLA Breach,2026-08-18
R312,V312,264,11,5,3,No,Quality Degradation,2026-04-19
R313,V313,490,10,2,4,No,SLA Breach,2026-01-27
R314,V314,419,7,7,2,No,Quality Degradation,2026-06-17
R315,V315,160,5,3,5,No,SLA Breach,2026-02-04
R316,V316,495,5,6,5,No,Quality Degradation,2026-03-13
R317,V317,325,20,2,4,No,SLA Breach,2026-03-10
R318,V318,333,6,4,4,No,Late Delivery,2026-03-27
R319,V319,568,9,12,3,No,Late Delivery,2026-06-27
R320,V320,571,20,4,4,No,Invoice Discrepancy,2026-02-10
R321,V321,212,5,7,2,No,Invoice Discrepancy,2026-07-27
R322,V322,315,20,4,4,No,SLA Breach,2026-04-23
R323,V323,426,8,4,3,No,Late Delivery,2026-05-02
R324,V324,236,6,11,2,No,Payment Delay,2026-02-27
R325,V325,235,16,4,2,No,SLA Breach,2026-03-02
R326,V326,480,13,6,2,No,Quality Degradation,2026-05-17
R327,V327,198,19,2,4,No,Quality Degradation,2026-01-02
R328,V328,582,13,8,1,No,Quality Degradation,2026-05-03
R329,V329,95,17,7,3,No,Quality Degradation,2026-04-17
R330,V330,179,6,6,3,No,Late Delivery,2026-02-27
R331,V331,168,12,4,5,No,Quality Degradation,2026-01-10
R332,V332,403,11,11,3,No,Payment Delay,2026-07-19
R333,V333,408,5,10,1,No,SLA Breach,2026-01-25
R334,V334,83,11,4,3,No,Invoice Discrepancy,2026-03-28
R335,V335,83,3,3,0,Yes,Critical Sole Source,2026-03-04
R336,V336,336,2,5,0,Yes,None,2026-04-22
R337,V337,244,6,2,1,Yes,Late Delivery,2026-05-11
R338,V338,102,7,1,3,Yes,Critical Sole Source,2026-02-20
R339,V339,470,8,2,1,Yes,Invoice Discrepancy,2026-08-07
R340,V340,310,4,5,1,Yes,Critical Sole Source,2026-05-26
R341,V341,146,2,3,1,Yes,Critical Sole Source,2026-05-03
R342,V342,105,2,4,0,Yes,Invoice Discrepancy,2026-05-19
R343,V343,590,5,5,0,Yes,Late Delivery,2026-03-07
R344,V344,595,3,0,0,Yes,Critical Sole Source,2026-02-10
R345,V345,478,3,0,3,Yes,Invoice Discrepancy,2026-02-23
R346,V346,498,4,4,2,Yes,Late Delivery,2026-08-09
R347,V347,306,7,2,1,Yes,Invoice Discrepancy,2026-04-18
R348,V348,544,3,3,3,Yes,Invoice Discrepancy,2026-01-24
R349,V349,398,1,0,1,Yes,None,2026-06-22
R350,V350,509,1,5,2,Yes,Late Delivery,2026-05-22
R351,V351,282,3,2,0,Yes,Invoice Discrepancy,2026-08-09
R352,V352,563,4,1,1,Yes,None,2026-08-02
R353,V353,516,3,5,2,Yes,None,2026-02-07
R354,V354,161,3,3,1,Yes,Critical Sole Source,2026-04-15
R355,V355,179,6,2,3,Yes,Critical Sole Source,2026-08-04
R356,V356,292,3,3,2,Yes,Invoice Discrepancy,2026-06-09
R357,V357,117,1,0,2,Yes,None,2026-01-04
R358,V358,101,5,5,3,Yes,Invoice Discrepancy,2026-04-09
R359,V359,436,5,2,3,Yes,Critical Sole Source,2026-03-15
R360,V360,151,8,5,3,Yes,Invoice Discrepancy,2026-08-10
R361,V361,137,4,4,2,Yes,Critical Sole Source,2026-02-15
R362,V362,420,5,1,3,Yes,Late Delivery,2026-01-21
R363,V363,544,2,3,0,Yes,None,2026-08-08
R364,V364,185,7,2,3,Yes,Critical Sole Source,2026-01-14
R365,V365,390,3,4,0,Yes,Critical Sole Source,2026-07-28
R366,V366,250,6,4,0,Yes,Critical Sole Source,2026-03-17
R367,V367,104,3,2,0,Yes,Late Delivery,2026-05-28
R368,V368,552,7,3,0,Yes,Critical Sole Source,2026-06-04
R369,V369,429,5,0,0,Yes,Invoice Discrepancy,2026-01-23
R370,V370,308,5,1,2,Yes,Invoice Discrepancy,2026-06-11
R371,V371,94,5,5,3,Yes,None,2026-08-01
R372,V372,344,1,5,2,Yes,Invoice Discrepancy,2026-05-15
R373,V373,242,5,2,3,Yes,None,2026-02-21
R374,V374,339,4,1,2,Yes,Late Delivery,2026-02-14
R375,V375,125,1,3,0,Yes,Late Delivery,2026-02-22
R376,V376,134,8,5,3,Yes,None,2026-02-10
R377,V377,506,3,0,0,Yes,None,2026-05-20
R378,V378,458,1,2,2,Yes,Critical Sole Source,2026-01-25
R379,V379,560,2,3,2,Yes,Critical Sole Source,2026-02-18
R380,V380,347,8,1,1,Yes,None,2026-05-06
R381,V381,342,7,0,0,Yes,None,2026-01-28
R382,V382,164,3,4,0,Yes,Critical Sole Source,2026-04-14
R383,V383,517,1,4,2,Yes,None,2026-05-10
R384,V384,563,8,1,3,Yes,Late Delivery,2026-05-22
R385,V385,210,3,2,3,Yes,None,2026-03-22
R386,V386,594,3,2,2,Yes,Critical Sole Source,2026-08-01
R387,V387,527,4,2,1,Yes,None,2026-08-18
R388,V388,319,8,4,0,Yes,None,2026-03-06
R389,V389,146,2,4,1,Yes,None,2026-08-21
R390,V390,411,2,1,1,Yes,Invoice Discrepancy,2026-02-13
R391,V391,507,2,0,2,Yes,Invoice Discrepancy,2026-02-12
R392,V392,579,7,1,1,Yes,None,2026-02-24
R393,V393,379,4,1,1,Yes,Invoice Discrepancy,2026-01-25
R394,V394,90,7,4,3,Yes,Late Delivery,2026-04-21
R395,V395,328,1,4,3,Yes,Critical Sole Source,2026-04-21
R396,V396,350,3,3,2,Yes,None,2026-08-22
R397,V397,413,7,4,3,Yes,None,2026-02-12
R398,V398,422,2,4,3,Yes,None,2026-04-26
R399,V399,427,2,1,0,Yes,Critical Sole Source,2026-08-22
R400,V400,506,4,2,2,Yes,Invoice Discrepancy,2026-07-18
R401,V401,374,1,4,2,Yes,Critical Sole Source,2026-05-13
R402,V402,285,5,3,1,Yes,Late Delivery,2026-08-06
R403,V403,485,6,5,3,Yes,None,2026-04-05
R404,V404,389,7,3,1,Yes,Invoice Discrepancy,2026-03-17
R405,V405,80,4,5,0,Yes,Invoice Discrepancy,2026-07-27
R406,V406,373,6,2,1,Yes,Invoice Discrepancy,2026-06-20
R407,V407,475,3,1,0,Yes,None,2026-05-05
R408,V408,307,6,2,3,Yes,Critical Sole Source,2026-07-16
R409,V409,348,8,2,0,Yes,Critical Sole Source,2026-05-07
R410,V410,254,5,0,3,Yes,Late Delivery,2026-01-24
R411,V411,557,7,2,0,Yes,None,2026-03-13
R412,V412,548,6,2,3,Yes,Late Delivery,2026-04-19
R413,V413,232,4,2,0,Yes,Critical Sole Source,2026-08-22
R414,V414,129,2,2,2,Yes,Late Delivery,2026-03-12
R415,V415,268,6,2,1,Yes,Late Delivery,2026-02-07
R416,V416,97,5,1,2,Yes,Invoice Discrepancy,2026-07-17
R417,V417,248,6,2,3,Yes,Critical Sole Source,2026-02-08
R418,V418,390,2,4,3,Yes,Critical Sole Source,2026-07-24
R419,V419,165,8,3,0,Yes,Invoice Discrepancy,2026-08-17
R420,V420,286,4,1,2,Yes,Critical Sole Source,2026-08-07
R421,V421,169,4,0,0,Yes,Critical Sole Source,2026-06-11
R422,V422,541,7,0,1,Yes,Critical Sole Source,2026-01-04
R423,V423,90,5,1,2,Yes,Invoice Discrepancy,2026-08-18
R424,V424,411,6,5,3,Yes,Invoice Discrepancy,2026-04-15
R425,V425,405,1,3,2,Yes,Late Delivery,2026-03-16
R426,V426,177,1,0,2,Yes,Critical Sole Source,2026-03-24
R427,V427,521,6,1,1,Yes,None,2026-02-20
R428,V428,435,4,1,0,Yes,Late Delivery,2026-05-14
R429,V429,154,6,5,1,Yes,Critical Sole Source,2026-03-06
R430,V430,454,4,5,3,Yes,Invoice Discrepancy,2026-04-08
R431,V431,334,4,0,2,Yes,Invoice Discrepancy,2026-05-01
R432,V432,423,7,4,3,Yes,Invoice Discrepancy,2026-02-05
R433,V433,240,4,1,0,Yes,Critical Sole Source,2026-07-11
R434,V434,177,1,3,2,Yes,Invoice Discrepancy,2026-07-27
R435,V435,495,4,2,0,Yes,Late Delivery,2026-04-23
R436,V436,299,5,1,1,Yes,Critical Sole Source,2026-06-02
R437,V437,192,3,3,3,Yes,Late Delivery,2026-08-21
R438,V438,351,6,1,1,Yes,None,2026-04-25
R439,V439,241,7,2,2,Yes,None,2026-01-14
R440,V440,578,6,1,2,Yes,Critical Sole Source,2026-08-04
R441,V441,389,7,1,0,Yes,Critical Sole Source,2026-07-10
R442,V442,93,6,3,3,Yes,Invoice Discrepancy,2026-04-19
R443,V443,539,5,0,0,Yes,Late Delivery,2026-06-15
R444,V444,178,8,3,2,Yes,None,2026-04-24
R445,V445,443,4,2,2,Yes,Critical Sole Source,2026-03-25
R446,V446,589,6,2,2,Yes,None,2026-01-02
R447,V447,90,2,5,1,Yes,Late Delivery,2026-07-16
R448,V448,593,7,4,2,Yes,Critical Sole Source,2026-01-15
R449,V449,441,1,2,2,Yes,Critical Sole Source,2026-03-01
R450,V450,213,5,4,0,Yes,Critical Sole Source,2026-03-07
R451,V451,466,8,0,0,Yes,Critical Sole Source,2026-08-21
R452,V452,357,1,4,0,Yes,Critical Sole Source,2026-01-14
R453,V453,563,5,5,1,Yes,Late Delivery,2026-03-08
R454,V454,331,3,0,1,Yes,None,2026-01-06
R455,V455,475,2,4,1,Yes,Critical Sole Source,2026-01-01
R456,V456,154,2,5,3,Yes,Critical Sole Source,2026-02-14
R457,V457,330,1,4,0,Yes,Critical Sole Source,2026-06-07
R458,V458,192,5,2,0,Yes,Late Delivery,2026-03-22
R459,V459,453,1,0,2,Yes,Late Delivery,2026-01-07
R460,V460,560,8,3,0,Yes,None,2026-08-09
R461,V461,242,2,3,1,Yes,None,2026-02-18
R462,V462,227,6,3,2,Yes,Critical Sole Source,2026-02-10
R463,V463,132,8,2,3,Yes,None,2026-07-16
R464,V464,117,5,0,0,Yes,Critical Sole Source,2026-05-28
R465,V465,276,2,5,3,Yes,None,2026-04-01
R466,V466,443,6,2,2,Yes,Critical Sole Source,2026-05-04
R467,V467,245,2,0,3,Yes,Late Delivery,2026-02-03
R468,V468,491,1,2,2,Yes,None,2026-03-28
R469,V469,462,1,1,1,Yes,Invoice Discrepancy,2026-07-01
R470,V470,532,4,2,3,Yes,Invoice Discrepancy,2026-01-21
R471,V471,272,2,4,1,Yes,None,2026-01-15
R472,V472,100,5,2,1,Yes,Late Delivery,2026-04-23
R473,V473,247,2,5,3,Yes,Late Delivery,2026-01-13
R474,V474,160,8,5,0,Yes,Invoice Discrepancy,2026-01-16
R475,V475,527,1,5,0,Yes,Late Delivery,2026-03-27
R476,V476,105,4,1,3,Yes,Invoice Discrepancy,2026-08-08
R477,V477,207,6,4,2,Yes,Critical Sole Source,2026-04-02
R478,V478,164,2,5,3,Yes,Late Delivery,2026-03-14
R479,V479,217,3,5,1,Yes,Late Delivery,2026-08-23
R480,V480,426,1,1,2,Yes,Late Delivery,2026-03-03
R481,V481,587,6,5,2,Yes,None,2026-04-19
R482,V482,376,6,3,2,Yes,Late Delivery,2026-02-04
R483,V483,395,8,0,1,Yes,None,2026-06-25
R484,V484,318,1,0,3,Yes,Late Delivery,2026-01-21
R485,V485,477,3,1,0,Yes,Invoice Discrepancy,2026-07-14
R486,V486,190,6,0,0,Yes,None,2026-04-05
R487,V487,509,8,1,3,Yes,Late Delivery,2026-05-01
R488,V488,546,7,3,0,Yes,None,2026-03-23
R489,V489,572,7,1,1,Yes,Critical Sole Source,2026-03-03
R490,V490,571,4,4,0,Yes,Critical Sole Source,2026-02-07
R491,V491,126,2,4,0,Yes,None,2026-08-23
R492,V492,80,1,0,1,Yes,Late Delivery,2026-01-22
R493,V493,161,7,5,3,Yes,None,2026-04-15
R494,V494,276,7,4,2,Yes,Critical Sole Source,2026-04-07
R495,V495,155,1,5,1,Yes,Late Delivery,2026-03-19
R496,V496,559,1,4,0,Yes,Critical Sole Source,2026-05-16
R497,V497,265,3,3,0,Yes,Invoice Discrepancy,2026-02-26
R498,V498,281,5,3,1,Yes,Critical Sole Source,2026-04-10
R499,V499,226,8,1,0,Yes,None,2026-08-05
R500,V500,576,4,1,0,Yes,Invoice Discrepancy,2026-04-01
